State_Standard,District_Standard,GW_1994_2025_Mean,GW_1994_2025_Median,GW_1994_2025_Std,GW_1994_2025_Trend,GW_1994_2025_Years_Available,GW_2015_2025_Mean,GW_2015_2025_Median,GW_2015_2025_Std,GW_2015_2025_Trend,GW_2015_2025_Years_Available,GW_2021_2025_Mean,GW_2021_2025_Median,GW_2021_2025_Std,GW_2021_2025_Trend,GW_2021_2025_Years_Available,GW_Latest_2025,GW_Latest_Median_2025,GW_Latest_Std_2025,GW_Stations_2025,GW_Mean_2015_2019,GW_Mean_2021_2025,GW_Recent_vs_Early_Change,GW_2025_Available,GW_2015_2025_Coverage_Ratio,GW_2021_2025_Coverage_Ratio
Andaman And Nicobar Islands,North And Middle Andaman,1.9369311265484033,1.7560869565217392,0.7885864456887622,-0.018940260330667896,23,1.8326045870431835,1.6466666666666667,0.8102595711862544,-0.028106841658289135,9.0,1.8461184210526316,1.74125,0.9730331008149852,0.15744736842095414,4.0,1.1871052631578947,0.9650000000000001,0.8798799300602906,38.0,1.8217935198356252,1.8461184210526316,0.024324901217006367,1,0.8181818181818182,0.8
Andaman And Nicobar Islands,South Andamans,2.1507999359978442,1.8729166666666668,0.6767108776615871,-0.012825742144050847,24,2.106425878846739,1.8199999999999998,0.5506712308746667,-0.02197778086714456,9.0,2.124466324200913,1.8425,0.557966007884514,-0.010324581430806546,4.0,1.5799999999999998,1.27,1.2771631510052714,71.0,2.0919935225634,2.124466324200913,0.03247280163751309,1,0.8181818181818182,0.8
Andhra Pradesh,Alluri Sitharama Raju,6.1937885143209055,5.831666666666666,1.0730139671014323,-0.07940793415073563,30,5.240808416585855,4.718333333333334,0.8453546969362468,-0.11407830760598188,9.0,4.817882590382591,4.28,1.1878330072430205,-0.49771019071030576,4.0,3.1584848484848487,2.97,2.0804388377397105,33.0,5.579149077548467,4.817882590382591,-0.7612664871658765,1,0.8181818181818182,0.8
Andhra Pradesh,Anakapalli,4.735774065474143,4.385666666666666,0.9286908807023734,-0.0404677440542431,30,4.2040092592592595,3.6794444444444445,0.8134165582894061,0.0018559523809490335,9.0,4.003645833333334,3.5,0.9737945643655866,0.19970833333325294,4.0,3.4595833333333332,3.2,1.9160976628614703,24.0,4.3643,4.003645833333334,-0.3606541666666665,1,0.8181818181818182,0.8
Andhra Pradesh,Ananthapuramu,8.552746892548306,7.6049999999999995,2.532930325108038,-0.05461310718012198,31,7.906241147741147,6.6135,2.476069577381931,0.24227488560821825,10.0,8.749491758241758,5.63125,3.5547294696379526,2.0940329670328546,4.0,9.964038461538461,6.275,10.370359204890713,26.0,7.6928888888888896,8.749491758241758,1.0566028693528686,1,0.9090909090909091,0.8
Andhra Pradesh,Annamayya,10.350728127926654,8.783125,3.5635388612007635,-0.005546434940797283,32,10.067060411371557,8.27909090909091,3.9375610959166982,0.3498867035375158,11.0,10.585371266002845,8.540000000000001,3.89724242835722,1.2873477951640284,5.0,12.496081081081082,8.6,9.970370628289876,37.0,10.16216163901458,10.585371266002845,0.4232096269882657,1,1.0,1.0
Andhra Pradesh,Bapatla,3.57222805593466,3.0504838709677418,0.7063342675956208,-0.01796552325382674,31,3.4629994824016563,2.9215,0.7222655327311315,-0.08174142136592416,10.0,3.172978778467909,2.85875,0.6039970737590059,0.0903799171842181,4.0,2.8066666666666666,2.535,1.7635800216473376,24.0,3.9476159420289854,3.172978778467909,-0.7746371635610765,1,0.9090909090909091,0.8
Andhra Pradesh,Chittoor,9.298006528475684,8.546774193548387,2.893304137173562,-0.029031079694633442,31,8.549176724137931,7.071,3.164480247679456,0.4398691064247416,10.0,9.810537048440066,5.675,4.886189938555766,3.486505295566455,4.0,13.334666666666667,5.6,23.95595739503316,30.0,7.734923809523809,9.810537048440066,2.075613238916257,1,0.9090909090909091,0.8
Andhra Pradesh,Dr. B.R. Ambedkar Konaseema,3.4153750882815124,2.7599444444444443,0.46887258584230657,-0.0023167255029025325,30,3.5221266170230296,2.663333333333333,0.4335524067171727,0.024835460555189173,9.0,3.554863911290323,2.535,0.6463512198096055,0.21246169354833427,4.0,3.3225806451612905,2.34,4.269640865257823,31.0,3.4959367816091955,3.554863911290323,0.058927129681127344,1,0.8181818181818182,0.8
Andhra Pradesh,East Godavari,6.9750119945625535,4.632258064516129,1.996153358074334,-0.08780816820809721,31,5.580493083003953,3.714,1.43808560227764,-0.09317384226744051,10.0,5.100096343873518,3.28,1.6514436681746256,-0.6691926877469538,4.0,4.773409090909091,2.52,6.868056733957998,22.0,5.690909090909091,5.100096343873518,-0.5908127470355735,1,0.9090909090909091,0.8
Andhra Pradesh,Eluru,8.836736243377198,7.0041935483870965,2.766918558968058,-0.1662139438333311,31,6.287870596986216,3.9445,1.3825328457348325,0.02700607370613437,10.0,6.505448179271709,3.805,1.9150513374634734,0.4363697478991208,4.0,6.316666666666667,2.52,10.499999267399241,27.0,6.466382650555064,6.505448179271709,0.03906552871664459,1,0.9090909090909091,0.8
Andhra Pradesh,Guntur,4.615961408005477,4.015806451612903,1.4184661453449772,-0.0770883920365888,31,3.967803890160183,3.8394999999999997,0.5554792050822075,-0.07225205455847743,10.0,3.651574942791762,3.49375,0.669308059610148,-0.10048993135016986,4.0,2.9690000000000003,2.875,1.7310140015852586,20.0,4.264347826086956,3.651574942791762,-0.612772883295194,1,0.9090909090909091,0.8
Andhra Pradesh,Kakinada,5.301184104646395,2.8988333333333336,2.236315366337508,-0.08189756945268271,30,3.8983553234205406,2.73,0.7298815864220082,-0.05887261318982917,9.0,3.558918807641634,2.7375000000000003,0.9022496751359668,0.15003722002630862,4.0,3.2236363636363636,2.35,2.886646671196356,22.0,4.169904536043666,3.558918807641634,-0.6109857284020324,1,0.8181818181818182,0.8
Andhra Pradesh,Krishna,3.6532094570935203,2.881774193548387,0.9567939866585558,-0.05194304614852229,31,3.1927612757612756,2.9025000000000003,0.45422060061551467,-0.07916979323774134,10.0,2.9270486920486922,2.7225,0.4592387545096672,-0.11252732452737206,4.0,2.3536363636363635,2.1900000000000004,0.9045995981098119,22.0,3.5105502645502646,2.9270486920486922,-0.5835015725015724,1,0.9090909090909091,0.8
Andhra Pradesh,Kurnool,6.648579983220269,6.3245000000000005,1.345532941132248,-0.06412199471255943,30,6.054552795031055,5.823333333333333,1.418713538859014,-0.21583154881941585,9.0,5.0177735507246375,5.175,0.9961666505697276,0.3228499999999778,4.0,5.0344999999999995,5.25,1.9696098331235157,20.0,6.88397619047619,5.0177735507246375,-1.8662026397515525,1,0.8181818181818182,0.8
Andhra Pradesh,Nandyal,7.437609859524896,6.5103333333333335,2.241120024286551,-0.13185601442504638,30,6.009481380466417,5.057777777777777,1.6668015593484884,-0.35131398419016696,9.0,4.573471177944862,4.085,0.8511316193515044,-0.3002305764411697,4.0,3.5344444444444445,3.1399999999999997,2.887855345534472,18.0,7.158289542483661,4.573471177944862,-2.5848183645387985,1,0.8181818181818182,0.8
Andhra Pradesh,Ntr,6.390629853332052,5.718387096774194,0.8914303004008838,-0.0008953621789223828,31,6.663798051948052,5.6925,0.358702665544703,-0.022621001435049144,10.0,6.483560606060606,5.1125,0.2935627191523956,0.2077186147186213,4.0,6.812380952380953,5.05,8.105163110488219,21.0,6.785747619047619,6.483560606060606,-0.3021870129870132,1,0.9090909090909091,0.8
Andhra Pradesh,Palnadu,5.555169369811961,4.6527419354838715,1.3381968927014831,-0.0019744239446909248,31,5.796574750788564,4.8555,1.1014558308340938,-0.11781731254080416,10.0,5.01490447655529,4.0725,0.911950066871173,0.11088609246399138,4.0,4.408222222222222,3.64,2.5009337246215653,45.0,6.2040830631900405,5.01490447655529,-1.1891785866347506,1,0.9090909090909091,0.8
Andhra Pradesh,Parvathipuram Manyam,5.7443963433224265,5.408,0.9585833834801318,-0.01978383813398768,30,5.827964886468498,5.35,0.6853720716344185,0.038353560175491325,9.0,5.8828980204522,5.72,0.7454274458740443,-0.07752397035377404,4.0,5.065882352941177,4.53,2.58172679330988,17.0,5.784018379281537,5.8828980204522,0.0988796411706625,1,0.8181818181818182,0.8
Andhra Pradesh,Prakasam,7.802362277887743,6.305322580645162,3.0202478391157332,0.18198095391104177,31,10.378079373522459,7.272,2.9429350606716387,0.41294023276790276,10.0,12.3562726859429,6.69,2.8559740750152707,1.6629336606655298,4.0,13.614888888888888,6.71,17.734047969195792,45.0,9.955140598290598,12.3562726859429,2.401132087652302,1,0.9090909090909091,0.8
Andhra Pradesh,Sri Potti Sriramulu Nellore,5.340498011213522,4.8301612903225815,1.344389785536322,-0.012862065459028033,31,5.2748724534409215,4.7299999999999995,1.6064004692959049,-0.22335483408811332,10.0,4.322955049608777,3.67,0.9905589075241342,0.3641416068402839,4.0,4.0426086956521745,3.4299999999999997,2.73663656888249,46.0,6.435380867194821,4.322955049608777,-2.112425817586044,1,0.9090909090909091,0.8
Andhra Pradesh,Sri Sathya Sai,9.321905231493409,7.993387096774193,3.1244416005991784,-0.10456479415034677,31,7.996067534987729,6.5745000000000005,2.8529312236047297,-0.02707887205880754,10.0,7.501427994978479,5.6,3.084028256556379,1.280438845050061,4.0,7.329999999999999,5.35,9.137682145927378,41.0,8.990992673992675,7.501427994978479,-1.4895646790141965,1,0.9090909090909091,0.8
Andhra Pradesh,Srikakulam,5.781809945591035,5.4025,1.1041406720304305,-0.06327904526552458,30,5.066440993368006,4.9944444444444445,0.727452462725756,-0.0368509789968678,9.0,4.965436420722135,4.9125,0.7369912336251768,0.38289293563577453,4.0,5.169591836734694,5.3,1.9813610212676134,49.0,5.147244651484702,4.965436420722135,-0.18180823076256747,1,0.8181818181818182,0.8
Andhra Pradesh,Tirupati,6.162934428188682,5.518870967741936,1.5030233624657776,-0.055071908773376976,31,5.316262083015024,4.7555,1.4770998763970102,-0.23137901879174072,10.0,4.190021008403361,3.89125,1.2577305532019896,0.44622689075623406,4.0,3.971764705882353,3.8150000000000004,2.3357945511930716,34.0,6.3085073593073595,4.190021008403361,-2.118486350903998,1,0.9090909090909091,0.8
Andhra Pradesh,Visakhapatnam,5.491051515151515,5.019166666666666,1.2898164652726276,-0.02788115343033547,30,5.242685185185185,4.96,0.9121573698230647,-0.006971768707487617,9.0,5.107166666666667,4.83,1.125598885861145,-0.19406666666679281,4.0,3.848666666666667,3.82,1.5162258909479658,15.0,5.351100000000001,5.107166666666667,-0.24393333333333356,1,0.8181818181818182,0.8
Andhra Pradesh,Vizianagaram,5.294124855728593,5.087166666666667,0.9010826520449084,-0.034108264935575734,30,4.953800028315477,4.782777777777778,0.6822459804364874,0.01564489347904471,9.0,4.828319859367551,4.6325,0.831632528363051,0.34772807087233687,4.0,4.6867241379310345,4.68,1.7535750604439029,29.0,5.054184163473819,4.828319859367551,-0.2258643041062678,1,0.8181818181818182,0.8
Andhra Pradesh,West Godavari,3.24788129669167,2.347258064516129,0.7608829309864331,-0.00806754352919876,31,3.138511568777015,2.2135,1.1357931219137904,0.17785664938219636,10.0,3.884619565217391,2.06875,1.3673650763019944,0.6956304347825323,4.0,3.975,2.125,7.3649912187438416,24.0,2.889327485380117,3.884619565217391,0.9952920798372737,1,0.9090909090909091,0.8
Andhra Pradesh,Y.S.R.,10.526935715284642,7.867903225806452,3.6591677220842933,0.025953115982494234,31,11.181646429820535,7.2125,4.631365316523243,-0.25583175854629414,10.0,9.142036417688592,6.20375,4.3394870223731665,2.8849751021924455,4.0,11.793846153846154,6.515,20.074399433492022,26.0,13.634663725490196,9.142036417688592,-4.4926273078016035,1,0.9090909090909091,0.8
Arunachal Pradesh,Changlang,3.799647435897436,3.7890384615384614,0.830958388217315,0.015055555555556509,26,3.8415833333333333,3.8085,0.7995116613314269,0.0991972757882092,10.0,4.1955,4.232,0.9355185727712734,-0.09950000000012735,5.0,3.0025,3.11,0.6830019521690011,4.0,3.3095833333333333,4.1955,0.8859166666666667,1,0.9090909090909091,1.0
Arunachal Pradesh,East Siang,5.2280479242979245,4.384615384615385,2.2212895040808363,0.15748678412895842,26,6.471668831168831,5.357727272727273,1.6337948689317396,-0.19787662337659212,11.0,6.0604,4.4399999999999995,0.22601061921954024,0.09040000000002157,5.0,6.142,4.9,3.9634669167283336,5.0,7.11727142857143,6.0604,-1.05687142857143,1,1.0,1.0
Arunachal Pradesh,Kamle,1.6336363636363636,1.6336363636363636,0.22659535420095123,0.0011818181818123482,11,1.6336363636363636,1.6336363636363636,0.22659535420095123,0.0011818181818123482,11.0,1.67,1.67,0.17175564037317667,0.07000000000000679,5.0,1.75,1.75,0.0,1.0,1.584,1.67,0.08599999999999985,1,1.0,1.0
Arunachal Pradesh,Lohit,2.1266666666666665,2.1266666666666665,0.521664004253057,-0.19571428571426794,3,2.1266666666666665,2.1266666666666665,0.521664004253057,-0.19571428571426794,3.0,1.8399999999999999,1.8399999999999999,0.22627416997969516,-0.3199999999998917,2.0,1.68,1.68,0.0,1.0,,1.8399999999999999,,1,0.2727272727272727,0.4
Arunachal Pradesh,Lower Dibang Valley,8.629999999999999,8.629999999999999,3.982578729081615,-0.8352941176471866,4,8.629999999999999,8.629999999999999,3.982578729081615,-0.8352941176471866,4.0,7.973333333333333,7.973333333333333,4.604794602730216,-0.880769230769413,3.0,10.02,10.02,0.0,1.0,,7.973333333333333,,1,0.36363636363636365,0.6
Arunachal Pradesh,Lower Subansiri,6.875454545454545,6.875454545454545,1.7189320151557108,0.09745454545453144,11,6.875454545454545,6.875454545454545,1.7189320151557108,0.09745454545453144,11.0,7.384,7.384,0.8368273418095274,0.014000000000030901,5.0,7.72,7.72,0.0,1.0,6.262,7.384,1.1220000000000008,1,1.0,1.0
Arunachal Pradesh,Namsai,3.8717391304347823,3.893913043478261,1.224796363022832,0.07486273524575189,23,4.285,4.331363636363637,0.7906006858360574,0.035590909090881175,11.0,4.419666666666666,4.433,0.8111654852398765,0.029666666666601213,5.0,4.565,4.565,1.5344217151748083,2.0,4.097333333333333,4.419666666666666,0.3223333333333329,1,1.0,1.0
Arunachal Pradesh,Papum Pare,3.0717944444444445,2.5882,1.0530140713762854,0.0835865643763677,25,3.7679267676767676,2.9095454545454547,0.5079036985663682,0.012550252525242587,11.0,3.870222222222222,3.1239999999999997,0.32699284546860424,0.10288888888893277,5.0,4.376666666666667,2.87,4.276160271396135,6.0,3.7942166666666663,3.870222222222222,0.07600555555555566,1,1.0,1.0
Arunachal Pradesh,Tirap,5.3224,5.0552,1.5943710358633592,0.03678860349341096,25,5.291818181818182,5.130909090909091,1.3169066141162136,-0.18196969696968976,11.0,5.068666666666667,4.956,0.9403120049572201,-0.5646666666667792,5.0,3.5766666666666667,3.18,1.3881762616229012,3.0,5.306666666666667,5.068666666666667,-0.23799999999999955,1,1.0,1.0
Assam,Bajali,3.8064102564102567,3.8128846153846156,0.5473029716117415,0.005405906973071084,26,3.9265909090909092,3.8845454545454547,0.624522090008905,0.03456818181818429,11.0,3.9365,3.7880000000000003,0.7437901249680584,0.2515000000000335,5.0,4.3325,4.19,0.9251081017913532,4.0,3.782,3.9365,0.15450000000000008,1,1.0,1.0
Assam,Baksa,4.205491175491176,3.6223076923076927,2.0400068430874208,0.08115003017711134,13,5.377340754483612,4.2942857142857145,1.922390363672848,-0.10681314492636923,7.0,4.936277056277056,3.4200000000000004,1.8113743062402636,0.8515151515152735,5.0,5.440909090909091,4.15,4.582271171690857,11.0,6.48,4.936277056277056,-1.543722943722944,1,0.6363636363636364,1.0
Assam,Barpeta,3.563984848484848,3.5454000000000003,0.8504926871372206,0.02260401867523199,25,3.909662534435262,3.847272727272727,0.9530437498230165,-0.17051721763082583,11.0,3.2557575757575754,3.2119999999999997,0.8158057248611666,-0.028909090908995565,5.0,3.955454545454545,3.81,1.0418000157070806,11.0,4.285500000000001,3.2557575757575754,-1.0297424242424253,1,1.0,1.0
Assam,Biswanath,3.984830891330891,3.0018518518518515,0.8010310754948006,0.021622932975415784,27,4.029294871794872,3.002727272727273,0.4913322761550363,0.006386628522998021,11.0,3.953918414918415,3.08,0.24008583599147668,-0.055761072261093385,5.0,3.588181818181818,2.95,2.4121683945438726,11.0,4.084530303030303,3.953918414918415,-0.13061188811188806,1,1.0,1.0
Assam,Bongaigaon,4.207415477526588,3.9122222222222223,0.5562175458146527,-0.002186063918261705,27,4.07765292535747,3.869090909090909,0.3982786487566391,-0.04110822838777009,11.0,3.9771753246753248,3.536,0.2651866981251887,-0.0453896103896091,5.0,3.75,4.23,1.2789057822998535,9.0,4.070327777777778,3.9771753246753248,-0.09315245310245324,1,1.0,1.0
Assam,Cachar,2.931338052437894,2.5651851851851855,0.8483225564786447,0.02702226121424331,27,2.9571496197674687,2.7322727272727274,0.6974247029543005,0.05245559947296465,11.0,3.1943888888888887,3.0040000000000004,0.5056159304608614,-0.022749999999955514,5.0,3.735,3.5700000000000003,2.2106216655384854,28.0,2.618708695652174,3.1943888888888887,0.5756801932367148,1,1.0,1.0
Assam,Charaideo,3.8329166666666663,3.8179166666666666,1.3719086021161855,0.03675479085472147,24,3.911875,3.911875,1.6052368260967418,-0.24201690821254995,8.0,3.13875,3.13875,1.9170305813940474,-1.4735000000000575,4.0,0.9550000000000001,0.9550000000000001,0.0636396103067893,2.0,4.38,3.13875,-1.24125,1,0.7272727272727273,0.8
Assam,Chirang,3.472891865079365,3.4033333333333338,0.5801955702032586,0.018771266571144297,24,3.8036580086580085,3.6681818181818184,0.5636114142043238,-0.021928571428578004,11.0,3.7533809523809523,3.5060000000000002,0.5266595194555079,0.250380952381,5.0,4.168571428571428,3.53,2.2083585802689782,7.0,3.8146666666666667,3.7533809523809523,-0.06128571428571439,1,1.0,1.0
Assam,Darrang,4.184114468864469,4.135192307692308,0.8276646562319041,0.07015566284029914,26,4.954264285714286,4.4405,0.541827730278095,0.03718268398268238,10.0,5.082833333333333,4.309,0.45914382883314,0.10841666666666112,5.0,5.44,4.295,2.5316555847903164,6.0,4.825695238095237,5.082833333333333,0.25713809523809594,1,0.9090909090909091,1.0
Assam,Dhemaji,3.403832350776795,2.8955555555555557,0.5104635028765163,0.009865335552594919,27,3.326949954086318,2.575909090909091,0.20707037682228588,-0.048558172635439836,11.0,3.143090909090909,2.3310000000000004,0.10524980124046326,-0.053272727272742765,5.0,2.9699999999999998,1.955,2.7534786079511213,10.0,3.4711989898989897,3.143090909090909,-0.3281080808080805,1,1.0,1.0
Assam,Dhubri,7.946039842873176,4.95,0.8825903956024355,0.013172280792084367,27,8.303323068345795,5.799090909090909,0.94292428832264,0.05198425488654448,11.0,8.375224242424242,6.609999999999999,1.1566196032950304,-0.11170757575772935,5.0,7.430666666666666,5.75,4.943060744499254,15.0,8.11541984126984,8.375224242424242,0.2598044011544012,1,1.0,1.0
Assam,Dibrugarh,3.6984729344729343,3.758518518518519,0.7319940425776447,0.043305174873881525,27,4.084994172494173,4.080454545454545,0.6097950708077652,-0.1154192307692074,11.0,3.7841538461538464,3.746,0.7662016512734765,-0.43169230769236105,5.0,2.982307692307692,2.78,1.3093455989294411,13.0,4.342833333333333,3.7841538461538464,-0.5586794871794867,1,1.0,1.0
Assam,Goalpara,3.690495115855109,3.362592592592592,0.8239975014147292,0.05680138034909535,27,4.155649237712283,3.766818181818182,0.5428174411885246,-0.10719037253203684,11.0,3.6359744960921434,3.0620000000000003,0.18215376752946771,0.06440106951871052,5.0,3.5788235294117645,3.26,1.6161407826707934,17.0,4.564787160208213,3.6359744960921434,-0.9288126641160694,1,1.0,1.0
Assam,Golaghat,5.266505494505495,5.207115384615384,1.0771402486454815,0.037531883402907834,26,5.659785714285714,5.379,1.044400690286419,0.12433337706064486,10.0,6.385238095238096,5.734999999999999,0.40647662002922846,-0.1820476190476227,4.0,6.2092857142857145,5.49,3.0220178289086514,14.0,5.121380952380952,6.385238095238096,1.2638571428571437,1,0.9090909090909091,0.8
Assam,Hailakandi,2.2495192307692307,1.6676923076923076,1.1427061976115422,0.06286972813816823,26,2.782651515151515,2.105909090909091,0.7345312014193719,0.04021212121212501,11.0,3.0105,2.491,0.6738332508863004,0.013500000000069217,5.0,3.7325,3.0549999999999997,2.7672046235454704,8.0,2.7073333333333336,3.0105,0.30316666666666636,1,1.0,1.0
Assam,Hojai,6.671697530864197,6.589814814814815,1.2569724233872686,0.004386600804038054,27,6.666060606060606,6.300454545454546,1.4484003192655288,-0.29133333333326245,11.0,5.878333333333333,5.924,1.0996464078158132,-0.3866666666667403,5.0,4.441666666666666,4.17,1.6648413337812904,6.0,7.827000000000001,5.878333333333333,-1.9486666666666679,1,1.0,1.0
Assam,Jorhat,2.4358260439912023,2.2388461538461537,0.7602447567323914,-0.024233488473431427,26,1.9446712121212122,1.879,0.48167572137665177,-0.03299742605114243,10.0,1.8963560606060605,1.8074999999999999,0.29379471642534516,-0.17682727272729545,4.0,1.4713333333333334,1.58,0.6587527898197001,15.0,1.8962575757575757,1.8963560606060605,9.848484848484773e-05,1,0.9090909090909091,0.8
Assam,Kamrup,3.644517764607763,3.4901851851851853,0.6384933829288169,0.03262963088693712,27,3.969898811960626,3.794545454545455,0.3703681043928064,0.006109620566374578,11.0,3.9237281438891345,3.7239999999999993,0.3777898500559178,0.14980244729472925,5.0,4.207619047619048,3.82,2.425446154343371,21.0,4.076715909090909,3.9237281438891345,-0.15298776520177482,1,1.0,1.0
Assam,Kamrup Metro,3.0699627594627596,2.7207407407407405,0.8402291388902958,-0.013744478129004489,27,2.70994018103109,2.590909090909091,0.7362178740907648,-0.17212628886263012,11.0,2.1975000000000002,2.043,0.332235586134113,0.012642857142896554,5.0,2.4175,2.015,1.0191949437341876,4.0,3.4203683982683986,2.1975000000000002,-1.2228683982683983,1,1.0,1.0
Assam,Karbi Anglong,5.317965036821069,4.446851851851852,1.0900838415497316,0.02884982374781368,27,5.413393802458102,4.253181818181819,1.3418942696060068,0.07357125412792251,11.0,5.3324,3.883,1.9546777943159424,1.0374714285714657,5.0,6.367,4.615,5.256908853086116,30.0,5.270007541878412,5.3324,0.06239245812158778,1,1.0,1.0
Assam,Karimganj,1.8273232939899609,1.384814814814815,0.5055178637673682,-0.00896616597626981,27,1.7218804806304808,1.4772727272727273,0.477354036689578,0.07217414529912199,11.0,1.9820854700854702,1.6939999999999997,0.41587455542150026,0.11738461538465678,5.0,2.5676923076923077,2.57,1.1600657585251644,13.0,1.4031944444444444,1.9820854700854702,0.5788910256410258,1,1.0,1.0
Assam,Kokrajhar,4.357764003673094,4.286363636363636,0.6653039635451501,0.01019176855187339,22,4.552447199265381,4.392272727272727,0.7591605774476143,-0.08909963269052558,11.0,4.141050505050505,3.9159999999999995,0.17267199777151693,-0.0018383838383876235,5.0,3.956363636363636,3.83,1.4777636666752416,11.0,4.634333333333333,4.141050505050505,-0.4932828282828279,1,1.0,1.0
Assam,Lakhimpur,2.806703896860889,2.7092592592592593,0.4924052748494494,0.02425485211680971,27,2.9310548519248205,2.7954545454545454,0.13371162911706444,-0.02588729086530927,11.0,2.8774804953560373,2.7039999999999997,0.06798198659071057,-0.012928173374617774,5.0,2.812,2.37,1.4117931859872395,15.0,2.996840178878569,2.8774804953560373,-0.11935968352253168,1,1.0,1.0
Assam,Marigaon,3.7298950288394734,3.470740740740741,0.8033137283536286,0.04106433809397586,27,4.3468671631398905,4.081363636363636,0.5781691668195704,-0.015679363061159992,11.0,4.264893106893107,3.9519999999999995,0.4596268148675622,0.07363436563433066,5.0,4.132857142857143,3.8600000000000003,1.7659097832667907,14.0,4.534578288378289,4.264893106893107,-0.2696851814851824,1,1.0,1.0
Assam,Nagaon,3.7592937179735935,3.4862962962962962,0.6949938538402125,-0.0028713163793264588,27,3.7797156947614856,3.4672727272727273,0.8022671965662826,-0.15145430521918737,11.0,3.213091620722796,2.836,0.43489009390835864,0.1797750113663906,5.0,3.490769230769231,2.93,1.8506551161613982,13.0,4.516195951230733,3.213091620722796,-1.3031043305079368,1,1.0,1.0
Assam,Nalbari,2.2865685714285715,2.2664,0.7366877177454138,0.00887447513845981,25,2.5541666666666667,2.5235,0.5745686788075616,-0.012984848484850047,10.0,2.5343333333333335,2.473,0.2568603165578954,0.03766666666667841,5.0,2.705,2.565,0.8044252606675154,4.0,2.5740000000000003,2.5343333333333335,-0.03966666666666674,1,0.9090909090909091,1.0
Assam,Sivasagar,3.5527098595848594,3.454230769230769,1.2011965091952506,0.04169669629747825,26,3.7035000000000005,3.5305,0.7675521054416444,-0.10279155188245868,10.0,3.3604166666666666,2.955,0.3381167204778058,-0.18750000000000253,4.0,3.0666666666666664,2.42,2.562402518471028,6.0,4.212000000000001,3.3604166666666666,-0.851583333333334,1,0.9090909090909091,0.8
Assam,Sonitpur,3.5989080466858243,3.3112962962962964,0.6386507842963962,0.022832014252818413,27,3.6118459570732298,3.2763636363636364,0.27410032246661237,-0.0029200925337421503,11.0,3.64752380952381,3.2969999999999997,0.1990941820427087,0.08426984126983714,5.0,3.7622222222222224,3.735,1.7845894421754778,18.0,3.613537296037296,3.64752380952381,0.033986513486513825,1,1.0,1.0
Assam,South Salmara Mancachar,4.770909090909091,4.770909090909091,1.2400439874895934,0.012356140350875391,11,,,,,,,,,,,,,,,,,,0,,
Assam,Tamulpur,3.3480419047619048,2.9802,2.2182253074497944,0.17195098124375258,25,5.235904761904762,4.279,2.2581655191140877,0.4157943722944005,10.0,7.055809523809524,5.142,1.7497749984930848,-0.8409761904764217,5.0,5.0183333333333335,4.11,3.6123145857838392,6.0,3.4160000000000004,7.055809523809524,3.6398095238095234,1,0.9090909090909091,1.0
Assam,Tinsukia,3.5060426815982373,3.436111111111111,0.7144425821772665,0.02434519711463503,27,3.5623158861340682,3.767272727272727,0.6899082781676672,0.019748393021101512,11.0,3.63580202020202,3.7600000000000002,0.3485025697148406,-0.07415757575762062,5.0,3.3446666666666665,3.4,1.4755912455045008,15.0,3.3285656565656567,3.63580202020202,0.3072363636363633,1,1.0,1.0
Assam,Udalguri,3.2680692915119858,2.9215384615384616,0.5514768658405078,0.009570074260407839,26,3.2224682503942566,3.0865,0.5114777525242881,0.009995357945991547,10.0,3.232304754756767,2.982,0.49560917268849514,0.2873108528898263,5.0,3.6990476190476196,3.01,2.4434625120142623,21.0,3.2126317460317457,3.232304754756767,0.0196730087250212,1,0.9090909090909091,1.0
Assam,West Karbi Anglong,5.392384615384615,4.819999999999999,0.9338658811262055,0.00134145725405326,26,5.598363636363636,5.175909090909091,1.0213233104876516,-0.13059999999999716,11.0,5.182499999999999,4.606,0.39199808673002495,0.19750000000005066,5.0,5.7275,4.48,3.9424643308468883,4.0,6.173900000000001,5.182499999999999,-0.9914000000000014,1,1.0,1.0
Bihar,Araria,3.5275517241379313,3.485603448275862,0.61529952274109,0.02345923492648873,29,3.782962962962963,3.8130555555555556,0.40988001316592776,0.0065820578231305755,9.0,3.861145833333333,3.895625,0.5222910018610314,0.15454166666662272,4.0,3.7087499999999998,3.7824999999999998,0.6988566148945133,12.0,3.7204166666666665,3.861145833333333,0.14072916666666657,1,0.8181818181818182,0.8
Bihar,Arwal,5.4544556051587305,5.44296875,0.6700987382194765,-0.014009308232090229,32,5.185386002886003,5.2318181818181815,0.8168068472041699,-0.04211038961039147,11.0,4.925714285714286,4.96,1.1588091355043524,0.5445833333333215,5.0,5.5125,5.75,1.605070091927452,8.0,5.53102380952381,4.925714285714286,-0.6053095238095239,1,1.0,1.0
Bihar,Aurangabad,6.07685695358563,5.8015,0.9575773279054224,0.021527904048417687,30,6.174926416312446,5.8495,1.2503885692918755,-0.16681316455382192,10.0,5.34166083916084,5.24,1.2499015968162457,0.6288531468531591,5.0,6.152727272727273,6.55,2.8858624045823493,11.0,7.008191993464052,5.34166083916084,-1.6665311543032129,1,0.9090909090909091,1.0
Bihar,Banka,5.319432285769786,5.103166666666667,0.6723503709641456,0.02260053174857016,30,5.694093531468531,5.458333333333333,0.6124302488046622,-0.04702620415299337,9.0,5.353624708624708,5.2875,0.5179757362046657,0.1346013986013771,4.0,5.416666666666667,5.25,2.0591974450370367,18.0,5.96646858974359,5.353624708624708,-0.6128438811188817,1,0.8181818181818182,0.8
Bihar,Begusarai,6.62749901740561,6.53171875,0.8023428937272279,0.03293409636415927,32,6.787591658138108,6.725909090909091,0.9697599408652087,0.0022508783676422825,11.0,6.427910068426198,6.486,1.3434826594048317,0.676178030303048,5.0,7.06375,7.43,1.0914535009247308,48.0,7.015700670386731,6.427910068426198,-0.587790601960533,1,1.0,1.0
Bihar,Bhagalpur,6.160989542669806,5.764833333333333,0.7128944793547292,0.03498605533808706,30,6.568908544509422,6.118333333333333,0.731322039152045,-0.09732921760183015,9.0,6.0391067251461985,5.7125,0.4741229923108878,0.2299982456140688,4.0,6.656499999999999,6.15,3.285422787821507,20.0,6.992749999999999,6.0391067251461985,-0.9536432748538006,1,0.8181818181818182,0.8
Bihar,Bhojpur,5.871519458829233,5.7253125,0.7425427288051718,0.04265315429042188,32,6.378723995670612,6.283636363636364,0.8205808255714112,-0.12395738752208962,11.0,5.875315477448034,5.535,0.5882938122540237,0.22577815729235395,5.0,5.943225806451613,5.75,1.7609114819637668,31.0,7.070469905619906,5.875315477448034,-1.1951544281718727,1,1.0,1.0
Bihar,Buxar,6.50643976521164,6.4320312500000005,0.8453527756503462,-0.010123050202485948,32,6.578934199134199,6.626363636363636,1.0155727819144176,-0.23717119047615837,11.0,5.723183333333333,5.88,0.5286953688614603,0.14758333333338636,5.0,5.8462499999999995,6.15,2.702341885599723,16.0,7.550471904761904,5.723183333333333,-1.8272885714285714,1,1.0,1.0
Bihar,Darbhanga,3.9812352790578593,4.016935483870968,0.7223108348615533,0.010024965260416276,31,4.122166666666667,4.256,0.9708386220627844,-0.12190863177227501,10.0,3.5398686868686866,3.7340000000000004,0.8432721473513282,0.4404747474748037,5.0,4.305909090909091,4.57,1.316773325725423,22.0,4.704464646464646,3.5398686868686866,-1.1645959595959594,1,0.9090909090909091,1.0
Bihar,Gaya,6.479762131614833,5.977187499999999,0.9265305401011418,0.005108148226806058,32,6.209812151474555,5.931363636363637,0.8691228145797558,-0.12303007237147512,11.0,5.671706816059758,5.38,0.782256864278392,0.3443211951447127,5.0,6.104285714285715,5.9,1.3527731657950783,7.0,6.904879917184265,5.671706816059758,-1.2331731011245068,1,1.0,1.0
Bihar,Gopalganj,3.8410597529905033,3.785806451612903,0.6665295695356201,0.027420013260902966,31,4.247837476472802,4.16,0.7771919981810137,0.04499098385511092,10.0,4.405267676767677,4.2375,0.41132598174544166,0.2133515151515065,4.0,4.640666666666666,4.5,0.7943053269246985,15.0,4.422889382960035,4.405267676767677,-0.017621706192358033,1,0.9090909090909091,0.8
Bihar,Jamui,8.525902188905865,8.500333333333334,0.9868615326768226,-0.03699620665657723,30,7.858437190532779,7.665555555555555,1.0136977780199181,-0.23755137009349026,9.0,6.910184659090909,6.7250000000000005,0.44206529755796287,0.12167613636363013,4.0,7.084375,6.55,2.984388198051096,16.0,8.617039215686276,6.910184659090909,-1.706854556595367,1,0.8181818181818182,0.8
Bihar,Jehanabad,5.051351190476191,4.99890625,0.9733138380999359,0.029481389354372646,32,5.2726277056277056,5.520454545454545,1.0482586816292856,-0.01962366522366774,11.0,4.9123809523809525,5.55,1.3135257033048993,0.6978571428572591,5.0,5.8,6.8,2.6142239128786704,7.0,5.6774000000000004,4.9123809523809525,-0.7650190476190479,1,1.0,1.0
Bihar,Kaimur (Bhabua),7.558397454397454,7.527,0.9323018854218897,0.029731930648899618,30,8.163256545923211,7.905555555555556,1.2072417268936,-0.1451079041140313,9.0,7.353107142857143,6.7125,1.1121483064061994,-0.007128571428681856,4.0,6.525999999999999,5.6,4.458321433005924,5.0,8.811376068376068,7.353107142857143,-1.4582689255189258,1,0.8181818181818182,0.8
Bihar,Katihar,4.91810069074444,4.625416666666667,0.5874173590469739,0.02129959891860145,30,5.1338118386243385,4.920277777777778,0.646199031176677,-0.01015930818755788,9.0,5.22906994047619,5.073125,0.614373191991301,0.13878869047613895,4.0,5.022708333333333,4.7925,1.0460307784634033,24.0,5.057605357142857,5.22906994047619,0.17146458333333303,1,0.8181818181818182,0.8
Bihar,Khagaria,6.365200004829518,6.427758620689655,0.7364535423709655,0.003981763986122562,29,6.246668269530034,6.423333333333334,0.3223036989696642,-0.027860163636884837,9.0,6.073822058823529,6.37,0.2686327057039364,-0.07314882352943006,4.0,5.8772,6.18,1.7139975690375604,25.0,6.384945238095239,6.073822058823529,-0.31112317927170974,1,0.8181818181818182,0.8
Bihar,Kishanganj,4.2980583047220975,3.7605172413793104,0.9092234432305102,0.027799090872499155,29,4.396095278178611,3.7461111111111105,0.4881587178567044,-0.04049812446623547,9.0,4.298441558441558,3.87,0.5209214215720386,0.13241558441553547,4.0,4.050909090909091,3.63,2.127366703440921,11.0,4.474218253968254,4.298441558441558,-0.17577669552669573,1,0.8181818181818182,0.8
Bihar,Lakhisarai,7.043902950752951,7.2645,1.001997777021691,-0.019232736997331787,30,6.913528354361688,7.543888888888889,1.415679018239777,-0.3588806237696507,9.0,5.641956654456655,6.7375,0.29502097113376574,-0.18441391941392465,4.0,5.338461538461539,5.5,1.9733805434408158,13.0,7.930785714285714,5.641956654456655,-2.2888290598290597,1,0.8181818181818182,0.8
Bihar,Madhepura,3.904679289819376,3.8432758620689653,0.643548346163124,0.05647472099643447,29,4.389133267195767,4.317777777777778,0.3309180722148497,0.039681553692906414,9.0,4.5510625000000005,4.5125,0.4491064450198119,0.07402499999997343,4.0,4.492999999999999,4.4,0.9039472961880654,15.0,4.259589880952381,4.5510625000000005,0.2914726190476191,1,0.8181818181818182,0.8
Bihar,Madhubani,3.5629908752480035,3.502741935483871,0.5995647307181805,-0.0031382229559175044,31,3.435656209328306,3.3755,0.574031039427246,-0.04283686047998105,10.0,3.2872934995112417,3.425,0.4988629770712848,0.29200537634407,4.0,3.5430645161290326,3.6,1.5975004837867577,31.0,3.7181442857142857,3.2872934995112417,-0.43085078620304396,1,0.9090909090909091,0.8
Bihar,Munger,5.955913227513227,5.861999999999999,0.9620359257019334,0.05517870871930566,30,6.489430335097001,6.464444444444444,0.7830882602772204,-0.13400100421120975,9.0,5.908214285714286,5.525,0.6207044220817475,-0.26871428571435196,4.0,5.028571428571429,4.1,2.521715213708245,7.0,6.954403174603175,5.908214285714286,-1.0461888888888886,1,0.8181818181818182,0.8
Bihar,Muzaffarpur,4.757720570075572,4.7242187499999995,0.7066430076226272,0.01604069163333546,32,4.9361430873474355,4.954545454545454,1.0240123982974472,-0.09068184293964318,11.0,4.504759627329193,4.58,0.8823701147471509,0.426764389233952,5.0,4.990869565217391,5.0,1.1956014577817322,23.0,5.657612307692308,4.504759627329193,-1.1528526803631154,1,1.0,1.0
Bihar,Nalanda,4.586739876692261,4.49328125,0.9685334448001419,0.0567710010818461,32,5.349811125871287,4.987272727272727,0.959031876520424,-0.13462122310649108,11.0,4.712375697950698,4.2700000000000005,0.7960802313257022,0.44815569498072155,5.0,5.401142857142857,5.4,2.3478222342625257,35.0,6.1490269607843135,4.712375697950698,-1.4366512628336157,1,1.0,1.0
Bihar,Nawada,5.763644581495914,5.991875,0.8938502010205079,0.01987708633179909,32,5.883707036501823,6.116363636363636,0.671459801409693,-0.03043372089141009,11.0,5.7085366300366305,5.598,0.47123788965891666,0.2487197802198021,5.0,6.0425,5.4399999999999995,1.9024201094204383,12.0,6.27561885026738,5.7085366300366305,-0.5670822202307493,1,1.0,1.0
Bihar,Pashchim Champaran,4.031975849885408,4.012166666666666,0.3918221370673219,0.0024535808211426507,30,3.964410039941903,3.9822222222222217,0.3951961994637634,0.029660255768973378,9.0,3.9661284722222225,4.0625,0.31903899579089445,0.16379861111109278,4.0,4.025625,4.0,0.6718330025633852,16.0,3.9630352941176468,3.9661284722222225,0.0030931781045757667,1,0.8181818181818182,0.8
Bihar,Patna,5.651112998570849,5.3969531250000005,0.9368881648980293,-0.03525878395833558,32,5.217621051157524,4.909545454545455,1.1855181309208447,-0.1620815609505246,11.0,4.451031752305665,4.135,0.9634017768466561,0.48974696969698944,5.0,5.126818181818181,5.125,2.1217050339484635,22.0,6.179734560240888,4.451031752305665,-1.728702807935223,1,1.0,1.0
Bihar,Purbi Champaran,4.032123409628376,4.020234375,0.6226924236848089,-0.01649020984435444,32,3.8495941966241953,3.8638636363636363,0.8702932132159704,-0.022380723004519498,11.0,3.569277419354839,3.6119999999999997,1.1641621633232997,0.5873440860215072,5.0,4.138387096774193,4.16,1.1335728083488759,31.0,4.253163146551724,3.569277419354839,-0.6838857271968855,1,1.0,1.0
Bihar,Purnia,4.089565267065414,4.032068965517242,0.5625976275770035,0.04492628338256302,29,4.565520710632295,4.573333333333333,0.42763021945830587,0.02168629309778337,9.0,4.742800802139037,4.6925,0.37838594245088314,0.06885115864523836,4.0,4.515909090909091,4.369999999999999,0.7566886451029285,22.0,4.4236966374269,4.742800802139037,0.31910416471213665,1,0.8181818181818182,0.8
Bihar,Rohtas,7.069515694917398,7.002833333333333,0.7637687354580454,0.01720213561686099,30,7.310933071438748,7.485555555555556,1.1470513345748299,-0.19100839770859587,9.0,6.364006875477464,6.6625,0.47253891176335616,-0.1367975553858277,4.0,5.819090909090909,6.55,2.900487733280231,11.0,8.068474028207774,6.364006875477464,-1.7044671527303104,1,0.8181818181818182,0.8
Bihar,Saharsa,3.436965980070189,3.4284482758620687,0.498061025240728,0.02915267887904011,29,3.585744877580662,3.592222222222222,0.47300080848791953,0.045717202357132745,9.0,3.682566964285714,3.6587500000000004,0.6379325237371302,0.12165178571424104,4.0,3.543125,3.535,0.5662239692324346,16.0,3.5082872082166197,3.682566964285714,0.1742797560690943,1,0.8181818181818182,0.8
Bihar,Samastipur,6.248466049560702,6.341774193548387,1.142998432135905,0.026368852923039497,31,6.329084795056087,6.5218181818181815,1.339671085820214,-0.1345469472579336,11.0,5.488312235133288,5.628,1.3565589034001544,0.7979070403281748,5.0,6.714210526315789,6.74,1.4780742568531289,19.0,7.049520467836257,5.488312235133288,-1.5612082327029695,1,1.0,1.0
Bihar,Saran,5.530184215906569,5.41421875,1.2243016280658996,-0.037175307991521606,32,5.103009635417845,5.102727272727273,1.6834141970340442,-0.13345752549470516,11.0,4.154719842099152,4.209999999999999,1.8511854665262435,1.0655151515153127,5.0,5.7662962962962965,6.05,1.5007309709916188,27.0,6.184901355820106,4.154719842099152,-2.0301815137209536,1,1.0,1.0
Bihar,Sheikhpura,6.75229329004329,6.667045454545455,1.9675463958587434,-0.06039981593478318,22,5.783950216450216,5.713181818181818,1.0963388113020456,-0.03413311688310153,11.0,5.320785714285714,5.275,1.2020695483122397,0.602357142857154,5.0,5.9825,6.525,2.6990672992191738,8.0,6.3105714285714285,5.320785714285714,-0.9897857142857145,1,1.0,1.0
Bihar,Sheohar,3.8944202898550726,3.910217391304348,1.3883977765879114,0.03906819529296396,23,4.767380952380953,4.819285714285714,1.2507552744696928,0.07011178861785376,7.0,4.748333333333333,4.9225,0.44560819860800016,0.3113333333333293,4.0,5.11,5.04,0.20420577856662078,3.0,4.792777777777778,4.748333333333333,-0.044444444444445175,1,0.6363636363636364,0.8
Bihar,Sitamarhi,3.5801993341196128,3.49453125,0.6522269346009553,-0.017572508264508933,32,3.3623150903104464,3.1904545454545454,0.8837761557415951,-0.07670859524030617,11.0,2.989037176274018,2.93,0.9058356699085274,0.4110609857978145,5.0,3.1473684210526316,3.1,0.9761935264944093,19.0,3.865833800186741,2.989037176274018,-0.876796623912723,1,1.0,1.0
Bihar,Siwan,4.675984442047353,4.511875,0.8629140681358906,0.0029881996762718952,32,4.682127736697115,4.514545454545455,1.2827306301759243,-0.009688946885109084,11.0,4.367514619883041,4.359999999999999,1.3596878184143368,0.6814444444444457,5.0,5.137222222222222,5.1,0.6658281491368524,18.0,5.253166400850612,4.367514619883041,-0.8856517809675708,1,1.0,1.0
Bihar,Supaul,2.945694152900933,2.8838793103448275,0.4193678568757917,0.022175858460983296,29,3.2069404964156107,3.1558333333333333,0.41563048308407163,0.042308361557124946,9.0,3.357252933470039,3.4799999999999995,0.5237796338452312,0.036523069036204676,4.0,3.315227272727273,3.4699999999999998,0.8179656490527599,22.0,3.0866905467720684,3.357252933470039,0.2705623866979705,1,0.8181818181818182,0.8
Bihar,Vaishali,6.038341189600841,5.8921875,1.0248400126538095,0.004445318468297302,32,5.948572638146168,6.028636363636363,1.3925216219654828,-0.12600044563276683,11.0,5.121421568627452,4.993,1.4555818490622547,0.8641617647059647,5.0,6.618333333333333,6.515000000000001,1.153560336209321,24.0,6.902104901960785,5.121421568627452,-1.7806833333333332,1,1.0,1.0
Chandigarh,Chandigarh,9.187977662570404,6.855725806451613,2.9512333370268977,0.256107191158641,31,12.114816017316018,8.726363636363637,2.7239917378252474,0.41918434343423183,11.0,12.681999999999999,9.592,3.364167976311455,1.64644444444497,5.0,18.02111111111111,14.66,16.798172106247485,9.0,11.213452380952381,12.681999999999999,1.4685476190476177,1,1.0,1.0
Chhattisgarh,Balod,7.734580540895587,6.7953125,1.424716947498975,-0.11518015410176521,32,6.256116710850478,5.636136363636364,1.2090996429711633,-0.08493362635439182,11.0,5.963239495953781,5.12,1.1376581498979732,0.48299740999738794,5.0,5.989358974358974,4.2,4.051200955708784,39.0,7.023294190994191,5.963239495953781,-1.0600546950404102,1,1.0,1.0
Chhattisgarh,Balodabazar-Bhatapara,7.4283483000121215,7.074296875,1.8545443989711952,-0.11288481451853204,32,5.791204171726199,5.215909090909091,1.7333989037169597,-0.1960998632890642,11.0,5.179851726817244,4.504,1.239234575217637,0.5970913645741147,5.0,5.82923076923077,5.619999999999999,3.086236443407307,26.0,6.997047450980392,5.179851726817244,-1.817195724163148,1,1.0,1.0
Chhattisgarh,Balrampur Ramanujganj,8.507420655733156,8.062758620689655,1.0189104225756984,-0.01891162130660911,29,7.944386052142302,7.324,1.0243060819712746,-0.1281404441518075,10.0,7.430466666666666,6.840000000000001,0.9256120977793859,0.3379666666666424,5.0,8.027333333333333,7.75,2.536551277020116,15.0,8.458305437617938,7.430466666666666,-1.0278387709512717,1,0.9090909090909091,1.0
Chhattisgarh,Bastar,6.41189280119037,5.868870967741936,1.247397073385649,-0.04836487874526614,31,5.779686521811521,5.305454545454546,1.5863814876998301,-0.11497716866457386,11.0,5.357721611721611,5.029999999999999,0.380969588227893,0.08852380952377854,5.0,5.176923076923076,4.9,2.6217531812872363,13.0,6.437588736263736,5.357721611721611,-1.0798671245421252,1,1.0,1.0
Chhattisgarh,Bemetara,9.125573435340163,7.869375,2.3623586178858442,-0.006828785567544854,32,7.969818007184852,7.261818181818182,1.543247854974377,-0.1446000638768971,11.0,7.349415984165984,6.609999999999999,1.35453263958969,0.619767335517314,5.0,7.952121212121213,7.4,5.590780221476112,33.0,8.981106708563768,7.349415984165984,-1.6316907243977843,1,1.0,1.0
Chhattisgarh,Bijapur,7.132237654320987,6.862222222222222,0.38436884144403227,0.036946001683499374,9,,,,,,,,,,,,,,,,,,0,,
Chhattisgarh,Bilaspur,7.885094596081492,7.330625,0.993859102700076,0.0005430760613369222,32,7.853070528084762,7.157272727272727,1.2400035908855294,-0.1257148053330042,11.0,7.652121676837443,7.0,1.119535483310724,-0.546670834517529,5.0,6.509565217391304,5.75,4.889425758839961,46.0,8.507966818282366,7.652121676837443,-0.8558451414449229,1,1.0,1.0
Chhattisgarh,Dakshin Bastar Dantewada,6.552310293872794,6.4340625,0.9277920765862155,0.013987875118429338,16,8.955,8.955,,,1.0,,,,,,,,,,8.955,,,0,0.09090909090909091,
Chhattisgarh,Dhamtari,6.293464806594958,6.14765625,1.089234013597119,-0.0342426568676892,32,5.7198802256272705,5.255454545454546,1.4602007194562123,-0.05480878385145441,11.0,5.6489337231968815,5.0600000000000005,1.3833832064602785,0.5133164983164465,5.0,6.207037037037037,6.1,2.868778639628873,27.0,6.329802773183113,5.6489337231968815,-0.6808690499862315,1,1.0,1.0
Chhattisgarh,Durg,5.8416003188901495,4.677265625,1.423002413413079,-0.0005648535838717282,32,5.52702452214153,4.658181818181818,1.386382969962147,-0.10294248952007827,11.0,4.90735229476406,3.8299999999999996,1.1636739882224103,0.6323910795087527,5.0,5.838431372549019,4.7,3.602604820153895,51.0,6.482101653947306,4.90735229476406,-1.5747493591832464,1,1.0,1.0
Chhattisgarh,Gariyaband,6.319097278092779,5.980234375,1.1893596656970418,-0.043648749333474894,32,5.630977147547546,4.966136363636363,1.684432106348855,-0.0007478725432828973,11.0,5.524724458204334,4.66,1.9683034995240272,0.8879535603714819,5.0,6.381578947368421,5.15,3.464951920714845,19.0,6.250091933066933,5.524724458204334,-0.7253674748625993,1,1.0,1.0
Chhattisgarh,Gaurela Pendra Marwahi,8.488163432124173,7.91546875,1.2791756747656893,-0.0142582896985355,32,8.027908339339586,7.510909090909092,1.4210516994065354,-0.2288250695458986,11.0,7.528618518518519,7.0920000000000005,0.6286871582920363,-0.11386825396834498,5.0,7.0005,6.46,2.6434576141664796,20.0,9.138234373483115,7.528618518518519,-1.6096158549645967,1,1.0,1.0
Chhattisgarh,Janjgir-Champa,6.580786278200159,6.049375,1.1202184823614942,-0.07751740779050782,32,5.7708480314611394,5.215909090909091,1.235749321829275,-0.21746558587989995,11.0,5.1864902113390485,4.74,0.338543836208887,0.06277642512524137,5.0,5.248139534883721,5.05,2.8890015212163274,43.0,6.805208791208791,5.1864902113390485,-1.6187185798697428,1,1.0,1.0
Chhattisgarh,Jashpur,6.732403651533211,6.55734375,0.8498550229187387,-0.005684557837155411,32,6.566435539696027,6.316363636363636,1.3876519996624948,-0.12496384692876765,11.0,6.4032935143288086,6.2,0.8469832340997582,0.2462500754147328,5.0,6.4925,6.15,2.6806146814532177,72.0,7.420137400275176,6.4032935143288086,-1.0168438859463675,1,1.0,1.0
Chhattisgarh,Kabeerdham,8.323009798871471,7.793046875,1.8052075974517865,0.018482164956461405,32,8.695297986327398,8.68909090909091,2.900854021640057,-0.010430393136278103,11.0,7.713249084249085,7.675,0.6738553167190222,0.3446190476191247,5.0,8.625,9.225000000000001,3.3557040989932347,6.0,7.9564064856711925,7.713249084249085,-0.24315740142210718,1,1.0,1.0
Chhattisgarh,Khairagarh Chhuikhadan Gandai,6.64452454310922,6.746612903225807,0.6968927908174403,0.04403780224639148,31,6.9338874084249085,6.849500000000001,0.478400718367053,-0.024104890942396876,10.0,6.764148351648352,6.805,0.39676367649535776,0.06942857142860302,5.0,6.9975000000000005,7.125,3.861686345182818,8.0,7.103626465201465,6.764148351648352,-0.3394781135531133,1,0.9090909090909091,1.0
Chhattisgarh,Kondagaon,7.269303463140274,7.246774193548387,0.758528453672278,-0.025813950077205675,31,7.052244755244755,7.150454545454545,0.7988274696582214,0.02920396270398336,11.0,7.209605128205129,6.9799999999999995,0.5705530298708489,-0.09849743589748061,5.0,6.367,6.4,2.541653224008167,10.0,7.1786666666666665,7.209605128205129,0.03093846153846247,1,1.0,1.0
Chhattisgarh,Korba,7.60878368365509,7.47921875,0.931099012907352,-0.03132286481124142,32,7.222773305600114,6.741818181818181,1.2608293654678704,-0.09281101173967948,11.0,7.0929512609825505,6.470000000000001,0.5028511584368962,0.14360317980616036,5.0,6.850731707317073,6.3,3.160212049647195,82.0,8.004292868480556,7.0929512609825505,-0.9113416074980059,1,1.0,1.0
Chhattisgarh,Korea,8.18621930029301,7.170431034482759,1.6723032027234157,-0.04804942801711489,29,7.207251050214808,6.6985,1.0221595103304122,-0.23084910541130046,10.0,6.425278494623656,5.755,0.45162914756371103,0.13644623655911467,5.0,6.394666666666667,5.825,2.6298534551191817,30.0,7.989223605805958,6.425278494623656,-1.563945111182302,1,0.9090909090909091,1.0
Chhattisgarh,Mahasamund,8.321003618070213,7.9790624999999995,1.6466288093563488,-0.056279705155314656,32,7.226061911130691,6.693636363636363,2.3841546617728695,0.12400778351945026,11.0,7.532231503632819,6.640000000000001,2.9799927262922727,1.355994739057199,5.0,8.021666666666667,5.8,5.4658211253857045,30.0,7.5751047008547,7.532231503632819,-0.042873197221880766,1,1.0,1.0
Chhattisgarh,Manendragarh Chirmiri Bharatpur Mcb,6.832056197120227,6.657241379310345,1.1322405245219291,0.03182880810900177,29,7.297952851213539,7.133,1.3525609868886979,-0.25569514359217793,10.0,6.387591416712793,5.948,0.8392301736359845,0.018144866845427064,5.0,5.550689655172413,5.24,2.173509228076113,29.0,8.208314285714286,6.387591416712793,-1.820722869001493,1,0.9090909090909091,1.0
Chhattisgarh,Mohla Manpur Ambagarh Chouki,8.566751322751323,7.529074074074074,2.184019149713813,0.0015872888919543694,27,9.115925925925927,6.357777777777778,2.6290126884534777,0.015955782312941553,9.0,8.492666666666668,5.6659999999999995,3.1184205403804452,1.776000000000184,5.0,12.23,12.23,12.063241687042503,2.0,9.895,8.492666666666668,-1.4023333333333312,1,0.8181818181818182,1.0
Chhattisgarh,Mungeli,7.781473865034476,7.973984375,1.2097309599239126,-0.022419147605746807,32,7.60309602045117,7.213636363636363,1.7954021952794206,-0.1306316769127634,11.0,7.362863195627902,7.26,0.5913543891019918,-0.20550496562267215,5.0,7.053571428571429,7.4,2.8329424962065834,14.0,8.670614716031341,7.362863195627902,-1.3077515204034391,1,1.0,1.0
Chhattisgarh,Narayanpur,9.133977272727272,8.777272727272727,3.941782087741108,0.4780630006161502,22,13.696666666666667,13.696666666666667,1.0275375094532242,0.07499999999972881,3.0,,,,,,,,,,13.696666666666667,,,0,0.2727272727272727,
Chhattisgarh,Raigarh,7.510369742607019,7.35484375,1.238242375044159,-0.08567131828484507,32,6.498287536540875,6.368181818181818,1.5521250849241512,-0.10559550857489378,11.0,6.3737059718427975,6.255,1.2421360783353546,0.4886689864927477,5.0,6.585211267605634,6.5,2.455446342407558,71.0,7.356162972183492,6.3737059718427975,-0.9824570003406947,1,1.0,1.0
Chhattisgarh,Raipur,6.510787031808467,6.00515625,1.456057309469147,-0.07543595682723053,32,5.298622250144569,4.875454545454545,1.4175516910406811,-0.07098459128277139,11.0,4.991178276573787,4.475,1.1468229522153952,0.5643014823154121,5.0,5.5711764705882345,5.725,2.955132940357704,34.0,6.1506182599511625,4.991178276573787,-1.1594399833773759,1,1.0,1.0
Chhattisgarh,Rajnandgaon,7.270128192424698,7.136484375,1.1983600606236973,-0.04106875793260884,32,6.72178950016193,6.53,1.4277655809743983,-0.16404005869032923,11.0,6.405137761558349,6.15,0.8792596901370185,0.1961365410864809,5.0,5.85025,5.35,3.237633266240429,40.0,7.709465805464562,6.405137761558349,-1.3043280439062137,1,1.0,1.0
Chhattisgarh,Sakti,7.318116224053724,7.285625,1.4302350948614555,-0.09770043106535169,32,6.407415306915306,6.2,1.5600193592298175,-0.07259871794871292,11.0,6.331466666666667,6.35,1.3159125416546307,0.5068000000000112,5.0,6.164,6.65,3.131805301171266,10.0,7.068847008547008,6.331466666666667,-0.7373803418803417,1,1.0,1.0
Chhattisgarh,Sarangarh Bilaigarh,6.272026070003322,6.08265625,1.2899443701651852,-0.024411632657942106,32,5.834348747657572,4.966363636363637,1.9051540062974082,-0.23636840691982428,11.0,5.257232277526395,4.2299999999999995,1.7133584894892313,0.34907541478114823,5.0,4.810769230769231,4.4,1.9137330950198774,13.0,7.003668300653596,5.257232277526395,-1.7464360231272007,1,1.0,1.0
Chhattisgarh,Sukma,7.629643849206349,7.612708333333334,0.8615068839074067,-0.09708911921412197,12,,,,,,,,,,,,,,,,,,0,,
Chhattisgarh,Surajpur,8.166916985852435,7.933189655172414,0.7184974417734666,-0.008633109964840596,29,7.809188056999368,7.435,0.7221738498539921,-0.16419561589715595,10.0,7.281903628876047,6.93,0.6008335104186628,-0.05762121508501138,5.0,7.139716981132075,6.8,2.3220739269467914,53.0,8.336472485122687,7.281903628876047,-1.0545688562466404,1,0.9090909090909091,1.0
Chhattisgarh,Surguja,8.49771764055853,7.47948275862069,0.7607465387714891,-0.02973752622083779,29,7.996533179012346,7.2844999999999995,0.4482798944997335,-0.020806828202664215,10.0,7.859503306878307,7.13,0.5363337993946914,0.22833796296295839,5.0,8.283809523809524,7.5,3.6059516875008195,42.0,8.133563051146385,7.859503306878307,-0.27405974426807855,1,0.9090909090909091,1.0
Chhattisgarh,Uttar Bastar Kanker,7.0707149433293885,7.1063709677419356,1.216977108492484,-0.053450046795654196,31,6.14707115077436,5.869090909090909,1.3930386586672114,-0.062139054795407773,11.0,5.9655519480519485,5.713,0.6903642675678969,0.364616883116927,5.0,6.9275,6.415,1.600934994664948,8.0,6.779822765469824,5.9655519480519485,-0.8142708174178752,1,1.0,1.0
Dadra And Nagar Haveli And Daman And Diu,Dadra And Nagar Haveli,7.588769542004837,7.265000000000001,1.77025663924981,0.047656828450356965,12,8.079523450405803,7.662000000000001,1.161468435513082,-0.2288909116894708,10.0,6.927664835164835,6.28125,0.4050202827005669,0.039219780219738,4.0,6.616666666666666,5.925,3.0404527526630756,18.0,8.814915032679739,6.927664835164835,-1.8872501975149039,1,0.9090909090909091,0.8
Dadra And Nagar Haveli And Daman And Diu,Daman,5.9746326164874555,5.958064516129032,1.1309941849796261,0.02899892066540844,31,6.460797258297259,6.200454545454545,0.6315666762167543,-0.11184812409811126,11.0,6.054166666666667,5.627000000000001,0.4827043320939043,0.10416666666665013,5.0,5.720833333333334,5.285,1.4113916944461289,12.0,6.746253968253969,6.054166666666667,-0.6920873015873017,1,1.0,1.0
Dadra And Nagar Haveli And Daman And Diu,Diu,4.865692118226601,4.791379310344827,1.779345234732121,0.12105132367518859,29,5.761067099567099,5.820909090909091,0.6849127405912986,0.023310822510855103,11.0,5.750214285714286,5.93,0.30776303666082727,-0.10403571428573347,5.0,5.288571428571429,5.9,1.6960289754937226,7.0,5.6308,5.750214285714286,0.11941428571428592,1,1.0,1.0
Delhi,Central,4.362295869061494,3.61265625,1.2905492420125992,0.09872646806801964,32,5.5407215007215,4.169545454545455,1.40325895407177,0.05816305916309318,11.0,5.657111111111111,4.651999999999999,0.3954943772914301,0.05222222222226775,5.0,5.94,5.01,3.7235850620451405,8.0,5.54247619047619,5.657111111111111,0.11463492063492087,1,1.0,1.0
Delhi,East,9.129466589861751,8.039435483870967,3.201169343641574,0.31355154114135386,31,12.395288961038961,9.75590909090909,1.3990959210567981,0.059791017316007534,11.0,12.46670238095238,9.169,0.6371487816917949,0.1410476190475662,5.0,12.391250000000001,8.995000000000001,9.146817459797541,8.0,12.532933333333334,12.46670238095238,-0.06623095238095367,1,1.0,1.0
Delhi,Nazul Land,5.158869047619048,5.1275,1.3581026441390949,0.052664152617568724,22,5.661060606060606,5.521818181818182,1.424960920073731,0.12262878787878649,11.0,6.373,6.373,1.8341946461594527,-0.17700000000018645,5.0,6.015000000000001,6.015000000000001,0.48790367901871773,2.0,5.261333333333333,6.373,1.1116666666666672,1,1.0,1.0
Delhi,New Delhi,17.507556498133173,14.9428125,2.9768943287773477,0.24090747097534307,32,19.91211462842713,15.687272727272727,1.9956501187812041,-0.4064730339104511,11.0,18.22320873015873,14.556999999999999,1.477556946005113,-0.08087063492051967,5.0,17.93525,14.435,16.775852435396857,20.0,21.397729166666668,18.22320873015873,-3.1745204365079367,1,1.0,1.0
Delhi,North,7.173365368248147,6.32734375,2.2147774329596785,0.2205111875323375,32,9.839325651115983,9.052727272727273,0.8140240708152926,0.04672033654117406,11.0,9.777632744067528,9.016,0.5929257268183792,-0.13583978340496952,5.0,9.520434782608696,9.33,5.602469811091329,23.0,9.702008688387636,9.777632744067528,0.07562405567989217,1,1.0,1.0
Delhi,North East,9.844094202898551,10.515217391304347,10.030680092256816,0.7298050012699848,23,22.73,24.581666666666667,13.043341255641174,0.675166666666635,6.0,24.150000000000002,26.349999999999998,4.227587964785593,-0.975000000000743,3.0,25.55,25.55,0.9050966799187816,2.0,21.31,24.150000000000002,2.8400000000000034,1,0.5454545454545454,0.6
Delhi,North West,5.802285178796898,4.43359375,1.016903498547938,-0.055074810506880525,32,5.089190722156631,3.837727272727273,0.8616348840351739,-0.2105203905942295,11.0,4.489803571428571,3.721,0.5139810198867802,-0.19641666666670035,5.0,3.710625,3.205,1.9379283397484024,16.0,5.758916017316017,4.489803571428571,-1.2691124458874459,1,1.0,1.0
Delhi,Shahdara,9.087150000000001,9.070833333333333,4.708842461812925,0.443136210423399,30,15.017777777777777,15.017777777777777,3.42432759011816,0.9011792452830043,9.0,16.874000000000002,16.874000000000002,3.238345256454291,1.954000000000372,5.0,20.87,20.87,5.23259018078045,2.0,12.163333333333332,16.874000000000002,4.71066666666667,1,0.8181818181818182,1.0
Delhi,South,37.060077772054335,39.23171875,9.619413498147955,0.7170374713212393,32,42.01075937950938,44.032272727272726,6.319034541863528,-1.3136843434341312,11.0,36.88225396825397,38.242000000000004,4.21965176321121,1.1381746031750992,5.0,39.339999999999996,41.51,21.964286922183476,5.0,46.85808333333333,36.88225396825397,-9.975829365079363,1,1.0,1.0
Delhi,South East,19.67186167478355,15.5065625,7.912430670110036,-0.13362365551726474,32,18.321030303030305,13.695,8.125031330817604,-0.4935409090907324,11.0,14.9943,13.331999999999999,9.324036475690129,-0.7719500000011306,5.0,7.609,7.51,2.933728950594372,10.0,20.9653,14.9943,-5.970999999999998,1,1.0,1.0
Delhi,South West,12.03506602898234,11.9628125,2.880461525425628,0.07035738890741458,32,11.812723252683146,11.56,3.210076818821876,-0.808097645001905,11.0,9.07618181818182,9.452,0.5374533097633872,-0.2992159090909392,5.0,8.40875,9.21,4.1812643622075205,16.0,14.75027087618264,9.07618181818182,-5.6740890580008205,1,1.0,1.0
Delhi,West,10.030310191544567,7.9284375,3.013663108098954,0.2644197891246121,32,13.007560606060606,8.94,1.6006691174263015,-0.2931058769512797,11.0,11.892,7.797999999999999,1.6516926454523324,-0.5189090909090346,5.0,10.950909090909091,6.89,11.004542202695625,11.0,13.922133333333331,11.892,-2.030133333333332,1,1.0,1.0
Goa,North Goa,5.148382290590888,4.276,0.9628477896277708,-0.0051260077332476355,30,5.277057944763977,4.352222222222222,0.5629467904292448,0.07556021087306813,9.0,5.61975034270199,4.9399999999999995,0.5273086124794831,-0.332865472388828,4.0,5.0255882352941175,4.51,3.284968697029465,34.0,5.002904026413567,5.61975034270199,0.6168463162884228,1,0.8181818181818182,0.8
Goa,South Goa,6.471587850781518,5.789666666666666,0.8830161417692105,-0.011211370227904364,30,6.357685454327914,5.6755555555555555,0.37430937782236234,0.045404590449661934,9.0,6.57930841284039,5.945,0.4530698068305758,-0.14168261776987529,4.0,6.024358974358975,5.28,3.500120896311858,39.0,6.180387087517934,6.57930841284039,0.3989213253224557,1,0.8181818181818182,0.8
Gujarat,Ahmedabad,8.368523438668925,6.9959375,2.3376353370420806,-0.12535049330837655,32,6.415634878193701,4.484090909090909,1.3206669350265567,-0.18265641711226155,11.0,5.747233333333333,4.2829999999999995,1.5686602369183993,-0.4771833333334978,5.0,3.222,2.815,1.4128599836265916,10.0,7.056496732026145,5.747233333333333,-1.3092633986928117,1,1.0,1.0
Gujarat,Amreli,14.786437808970502,12.00015625,2.2228625785848646,-0.13119585258942684,32,13.515588544746446,10.594090909090909,1.9889508607637107,-0.38300005754896127,11.0,11.972067804489408,9.47,1.2032913786085242,0.24874016774357707,5.0,11.134594594594596,8.3,7.7853118807842945,37.0,15.316317903043682,11.972067804489408,-3.3442500985542747,1,1.0,1.0
Gujarat,Anand,10.152062877455148,8.05640625,1.9494410669213644,0.07417282616469963,32,10.752612212349055,8.010909090909092,1.7048616608771725,-0.05886995022520355,11.0,10.001080200501253,6.9799999999999995,0.737828081206319,0.2286115288221268,5.0,10.245000000000001,6.85,8.290202512140924,14.0,10.894666666666666,10.001080200501253,-0.8935864661654129,1,1.0,1.0
Gujarat,Arvalli,13.510765802856843,12.46109375,1.951193559260213,-0.04296003669350441,32,13.016051380679864,12.438181818181818,2.0130980504411395,-0.20527324326850754,11.0,12.183947368421054,12.024000000000001,1.7408632787703013,0.006140350877066246,5.0,12.675,12.02,3.148232308243257,4.0,14.265049879600962,12.183947368421054,-2.0811025111799086,1,1.0,1.0
Gujarat,Banas Kantha,19.334075583207692,17.8109375,2.4707304177143,0.020406671258142828,32,18.658501413790887,16.785454545454545,1.5255036144265766,-0.2674040065197863,11.0,17.921851648351648,16.398000000000003,1.3576082964722043,-0.32857417582424986,5.0,17.330000000000002,15.54,6.011315256340421,10.0,19.56907368421053,17.921851648351648,-1.6472220358588814,1,1.0,1.0
Gujarat,Bharuch,7.009604733694111,6.91875,1.0220270100135855,-0.08453888164163013,32,6.32389498860343,6.332727272727272,0.936933344784775,-0.24908190641058986,11.0,5.526208034647551,5.516,0.1863806837253472,0.025300776583032283,5.0,5.445925925925926,5.33,2.4668077460232807,27.0,7.134102875763867,5.526208034647551,-1.607894841116316,1,1.0,1.0
Gujarat,Bhavnagar,12.242733211822802,11.53859375,2.307981523132539,-0.12926986658598774,32,11.172170846875874,10.119545454545454,2.080541918937983,-0.3504113952837656,11.0,9.812737954096367,8.446,1.9515764205271418,0.3794806201549419,5.0,8.362325581395348,6.93,4.645220706842936,43.0,12.85015555608938,9.812737954096367,-3.0374176019930132,1,1.0,1.0
Gujarat,Botad,14.981797632055445,14.960625,3.1069306824128553,-0.20937707928374374,32,12.991295093795094,12.396818181818183,3.684280702943639,-0.8450414862913459,11.0,11.02934126984127,9.010000000000002,2.9185793657699817,-1.0045992063496536,5.0,7.104285714285715,7.55,3.354568313722136,7.0,16.021507936507938,11.02934126984127,-4.992166666666668,1,1.0,1.0
Gujarat,Chhotaudepur,8.509942433557477,8.3371875,0.8050921328591656,0.02970982150063718,32,9.074826350842141,8.70590909090909,0.7918556384922917,-0.10663581330947591,11.0,8.616191305186042,8.225,0.8784442000661069,0.18285242914980393,5.0,9.557,9.825,3.4357211761142668,20.0,9.604426666666667,8.616191305186042,-0.9882353614806245,1,1.0,1.0
Gujarat,Dahod,8.390179341387675,8.3828125,1.383007687303822,0.01243775075702526,32,8.406959913642769,8.14090909090909,0.6908196508602596,-0.1309497765558581,11.0,8.169729293924465,7.808,0.7584257200905958,-0.33536512315280226,5.0,7.5148,7.59,3.245441829191623,25.0,8.786272171262038,8.169729293924465,-0.6165428773375723,1,1.0,1.0
Gujarat,Dangs,6.220691836724745,5.70109375,0.7418991028566566,0.019738934595214662,32,6.540308065123283,6.135,0.7747009152769592,-0.09881842992314274,11.0,6.3827482778091476,6.176,0.795128333949385,-0.3066701298702115,5.0,5.016,4.08,3.571107437943212,25.0,6.984262798795408,6.3827482778091476,-0.6015145209862602,1,1.0,1.0
Gujarat,Devbhumi Dwarka,11.344148919268278,10.2428125,1.381895322565399,-0.04709487674968085,32,10.79744314579037,9.368181818181817,1.8905105948914176,-0.2924810622353947,11.0,10.244118855575909,8.59,0.7448947110839126,0.04928800197101302,5.0,10.542439024390244,8.6,5.975793579303005,41.0,12.199056065162909,10.244118855575909,-1.9549372095869995,1,1.0,1.0
Gujarat,Gandhinagar,18.9173125,15.10734375,5.953686606869194,0.3792856182795779,32,24.836848484848485,19.320454545454545,4.497227196009253,-0.7977272727271679,11.0,22.978,21.97,4.996290624053008,-1.0340000000002962,5.0,23.7,23.7,0.0,1.0,26.42706666666667,22.978,-3.449066666666667,1,1.0,1.0
Gujarat,Gir Somnath,12.580903133362595,11.79890625,2.0150983550770216,-0.04173091046830197,32,12.154308421220737,11.462272727272728,2.438824337565242,-0.4301659326629837,11.0,10.632101333703165,10.008,0.8555952534729367,-0.0711410443104861,5.0,9.573684210526316,8.94,4.613632228427108,19.0,13.8902343358396,10.632101333703165,-3.258133002136434,1,1.0,1.0
Gujarat,Jamnagar,10.843167007907946,9.32671875,2.147094923989157,-0.11718046607379635,32,9.828072645872645,8.301363636363636,2.252189846258105,-0.4556907892107195,11.0,8.349257142857144,6.87,1.064934261541949,0.6320571428572652,5.0,9.82095238095238,8.6,5.661531510785667,21.0,11.902132307692307,8.349257142857144,-3.5528751648351626,1,1.0,1.0
Gujarat,Junagadh,15.2415612492727,13.57953125,1.212503680380242,-0.03386189818043826,32,15.136228441289626,13.965909090909092,1.3962836905707252,-0.12802270699432533,11.0,14.947178237147764,13.75,0.6003720144568494,0.07359589297521674,5.0,14.612820512820512,13.25,7.689812108004347,39.0,15.94688330804839,14.947178237147764,-0.9997050709006263,1,1.0,1.0
Gujarat,Kachchh,11.047299972708203,9.7721875,1.510894829078843,-0.05034043153671938,32,11.037911426643204,9.610454545454546,2.033637310176783,-0.44343272644345116,11.0,9.361083952658145,7.4079999999999995,1.7886737782946784,-0.7241357450411054,5.0,7.480243902439025,6.44,5.896268094229129,41.0,12.374566083916083,9.361083952658145,-3.0134821312579376,1,1.0,1.0
Gujarat,Kheda,10.427433663992257,6.9346875,2.2074054979076316,-0.0763897452666488,32,9.677699134199134,7.114545454545455,2.1518098173670857,-0.39685189393933074,11.0,8.415933333333333,5.470000000000001,2.6592994420001332,-0.8149000000002322,5.0,5.063000000000001,4.55,3.2627563330547513,10.0,10.926433333333332,8.415933333333333,-2.5104999999999986,1,1.0,1.0
Gujarat,Mahesana,11.43109534738208,10.10859375,2.6823347821677115,-0.19238163377732273,32,9.178116724660203,8.005454545454546,1.0402937594380524,-0.1538724637680837,11.0,8.70614653784219,7.373,1.129047412428024,-0.5676557971015661,5.0,6.943333333333333,6.164999999999999,3.9320747404780954,18.0,9.572633333333334,8.70614653784219,-0.8664867954911433,1,1.0,1.0
Gujarat,Mahisagar,8.382160955181515,7.72328125,1.6970530684978595,0.08865816108614127,32,9.56620834541588,8.602272727272727,1.688563107198357,-0.22033612742250566,11.0,9.184381313131313,8.385,2.4822669624506424,-0.8907638888892156,5.0,6.858333333333333,6.175,3.2706263879717246,12.0,10.06572149122807,9.184381313131313,-0.8813401780967567,1,1.0,1.0
Gujarat,Morbi,8.528736988785582,7.28484375,2.013020813146057,-0.15777178439800027,32,7.172565903090248,6.0227272727272725,1.3626549596196624,-0.13784608336593315,11.0,6.751903641456582,5.67,1.4718838704706467,0.6942901960785905,5.0,8.934,7.4,4.6677798332214175,15.0,7.972741345341964,6.751903641456582,-1.2208377038853824,1,1.0,1.0
Gujarat,Narmada,9.083385097719887,6.896171875,1.3821045024292122,-0.07228113524346955,32,8.359591236303803,6.6859090909090915,1.3692212378319977,-0.20297830222359742,11.0,7.8699416289592765,5.9799999999999995,1.6314300506759587,-0.7286115384617383,5.0,4.978,2.75,4.677339699729609,10.0,9.027825757575759,7.8699416289592765,-1.157884128616482,1,1.0,1.0
Gujarat,Navsari,8.036448879481608,7.42234375,1.0748881298932695,-0.0012652658658447102,32,7.80902527496427,7.032272727272727,1.067891045335452,-0.21722300154651172,11.0,7.201964912280703,6.38,1.0424428970770665,-0.5214269005848015,5.0,6.4688888888888885,6.1,2.9765987081366956,18.0,8.486890692640692,7.201964912280703,-1.2849257803599894,1,1.0,1.0
Gujarat,Panch Mahals,9.448095253763647,8.684687499999999,1.2758262304788361,-0.004773650227102465,32,9.853615803700807,9.141818181818183,1.3639755836069147,-0.31741192966626147,11.0,8.929785088739052,8.25,1.2918662530560567,-0.5345890878091544,5.0,8.481764705882354,8.95,4.858608642520663,17.0,10.91271513394818,8.929785088739052,-1.9829300452091267,1,1.0,1.0
Gujarat,Patan,9.752765105901045,7.7625,2.549983725210641,-0.10642638524924199,32,8.97520943198216,7.991818181818181,2.1433988539649467,-0.12324604486416812,11.0,8.18413852813853,5.981999999999999,1.4399193828566033,-0.8180476190477233,5.0,7.161818181818182,4.26,6.141041960745453,11.0,9.638822222222222,8.18413852813853,-1.454683694083693,1,1.0,1.0
Gujarat,Porbandar,11.193369706236549,9.8534375,2.26690750634528,-0.060952371638634165,32,11.111941099231776,10.082272727272727,2.909707162655654,-0.6225721178237343,11.0,9.128919843597263,8.709999999999999,0.9202794801218672,0.045811339198515585,5.0,9.125,8.7,5.2542677538958396,28.0,13.908385057471264,9.128919843597263,-4.779465213874001,1,1.0,1.0
Gujarat,Rajkot,11.997361025885592,10.91796875,2.136502674204018,-0.14260126272774656,32,10.91154405920577,10.25,1.7398713225340574,-0.2879838301383916,11.0,10.095229949874687,9.612,0.49382265854928076,0.2462009537733447,5.0,10.224285714285715,10.91,4.758355497262423,42.0,12.432309837520867,10.095229949874687,-2.33707988764618,1,1.0,1.0
Gujarat,Sabar Kantha,14.770340438689544,12.789375,1.8349699347663713,-0.031037384712345652,32,14.461200299287983,12.92909090909091,1.6350357852269575,-0.34453338003902567,11.0,13.46674358974359,11.764,1.6124729599840784,-0.6235897435899652,5.0,12.150384615384617,12.52,5.570736741774274,26.0,15.639230402023305,13.46674358974359,-2.1724868122797147,1,1.0,1.0
Gujarat,Surat,7.183577641391458,6.20421875,0.5292745187171456,0.018502314705203037,32,7.478682140893723,6.480909090909091,0.5466074799288944,-0.11383837605014661,11.0,7.080875682896976,6.056,0.43150507416075573,-0.07932409245609846,5.0,6.5379069767441855,6.13,3.841833365749777,43.0,7.872225027069217,7.080875682896976,-0.7913493441722412,1,1.0,1.0
Gujarat,Surendranagar,7.630882992308203,6.40796875,1.3838583312499817,-0.1106565286082666,32,6.775050450253261,5.397272727272727,1.1771535003728526,-0.24449484990204717,11.0,5.846601458992941,4.254,0.7257034137887443,0.005786961892568131,5.0,5.080208333333333,3.52,3.5701841478123764,48.0,7.835176198230899,5.846601458992941,-1.9885747392379578,1,1.0,1.0
Gujarat,Tapi,7.865810227915467,7.5684375,1.2281919177530503,0.024918985637263632,32,8.040401103798162,7.3109090909090915,1.61109047444468,-0.06389983203066746,11.0,8.100545500251382,7.044,2.401084746523501,-0.8201332327806311,5.0,6.080555555555556,6.32,3.2180053599601144,18.0,8.193336928104575,8.100545500251382,-0.09279142785319294,1,1.0,1.0
Gujarat,Vadodara,13.857710703469218,10.95453125,3.2072563267773546,-0.13768636036448684,32,12.338002338125333,9.635454545454545,2.4432971676357407,-0.5900071995739462,11.0,10.442533333333333,8.68,2.324580474097542,-0.7093833333336154,5.0,7.456,5.5,6.535068914272114,15.0,14.2970718105424,10.442533333333333,-3.8545384772090667,1,1.0,1.0
Gujarat,Valsad,7.544409622363221,7.04515625,0.7149990339708318,0.0229915621078564,32,7.827565176198132,7.077727272727273,0.8692634628181581,-0.0537571312925158,11.0,7.266654350202737,6.516,0.7669855232637942,0.374148987697419,5.0,7.567741935483871,7.08,3.5199362775268335,31.0,8.109989037433156,7.266654350202737,-0.8433346872304188,1,1.0,1.0
Haryana,Ambala,7.951736371922979,5.49671875,2.4371591881051975,0.18824871671299168,32,10.463586654550847,6.23,2.1449030311951907,0.37410583819189697,11.0,11.156443746362083,6.212999999999999,2.7844598853291163,1.2276077011940487,5.0,16.088,8.465,19.03463369755247,20.0,9.837706152909039,11.156443746362083,1.3187375934530436,1,1.0,1.0
Haryana,Bhiwani,14.771964234092588,9.975390625,3.2455262592483183,0.09129374814416383,32,17.169861474917674,9.905681818181819,4.272671564527727,-0.35554084120361895,11.0,15.547592108641618,9.302000000000001,4.628569829525881,-2.6331234334132136,5.0,11.994347826086956,6.41,12.843416716918705,23.0,17.955178766429366,15.547592108641618,-2.407586657787748,1,1.0,1.0
Haryana,Charki Dadri,13.084629889591078,7.3125,6.647778003196416,0.4369883593531062,32,19.915258452259184,8.73,7.240405771151169,-0.07567018196259524,11.0,18.72084429432983,6.974000000000001,8.160150683823561,-3.4072010484124977,5.0,17.22,3.92,25.494737832400965,8.0,19.48022430064038,18.72084429432983,-0.7593800063105505,1,1.0,1.0
Haryana,Faridabad,15.477477923036272,15.080645161290322,5.459479394721423,0.4563521363848555,31,18.4636625137934,19.2825,2.4235507187087193,0.636048534877683,10.0,19.948710317460318,21.075,0.5893815391598597,0.12305555555554903,4.0,,,,,16.547180303030302,19.948710317460318,3.4015300144300156,0,0.9090909090909091,0.8
Haryana,Fatehabad,12.17096958201327,7.43796875,4.815878530394406,0.4279270645539058,32,16.857275686277777,8.582272727272727,4.3330909235230175,1.1328630718375747,11.0,21.167210160427807,9.737,1.7381451401777877,0.4818625668449306,5.0,20.354499999999998,6.285,25.24080255481412,10.0,13.129153492240448,21.167210160427807,8.038056668187359,1,1.0,1.0
Haryana,Gurugram,21.00912720273386,21.200937500000002,6.79259560202068,0.4750342274553772,32,25.670403954850595,25.08681818181818,7.327653103477559,-0.6868754199246369,11.0,24.404968253968253,23.606,11.331104548809192,-5.19209523809663,5.0,4.23,4.23,0.0,1.0,26.445572620616097,24.404968253968253,-2.0406043666478446,1,1.0,1.0
Haryana,Hisar,8.03491370169761,6.8059375,0.7944620428431154,-0.028593264163841274,32,7.618175818238495,6.34,0.47294942144647095,-0.10781653649834627,11.0,7.260947474747475,5.74,0.4276940384926908,-0.23208888888893217,5.0,6.6755555555555555,4.7,4.578585886269768,27.0,7.968530850800941,7.260947474747475,-0.7075833760534662,1,1.0,1.0
Haryana,Jhajjar,5.049844632069444,4.046935483870968,0.9212558649372776,-0.014414177170485007,31,5.283658027882344,3.4230000000000005,1.2438556807977068,-0.24304416160687745,10.0,4.501668774037196,3.05,1.117252777047636,-0.7979384647804089,4.0,,,,,5.683695322249217,4.501668774037196,-1.1820265482120211,0,0.9090909090909091,0.8
Haryana,Jind,12.0200936250459,11.5078125,3.8070692298331847,0.3897761755202819,32,16.48265688824849,16.231818181818184,1.2774319303705648,0.28623511844449606,11.0,17.275624917909745,16.736,1.2713449855236099,0.6277801857586707,5.0,19.103157894736842,17.63,13.70808887426673,19.0,15.654816727464999,17.275624917909745,1.6208081904447464,1,1.0,1.0
Haryana,Kaithal,14.841213619425117,13.44,7.101803106224167,0.7204469420021717,32,23.174274944822837,19.717727272727274,2.4169262533043425,0.2389500472548837,11.0,23.96695750121911,19.948,2.6979360270468598,-0.876361287835081,5.0,24.315263157894737,20.19,15.388891147845378,19.0,22.016447377391128,23.96695750121911,1.950510123827982,1,1.0,1.0
Haryana,Karnal,14.637190679730555,15.18984375,5.18286119909547,0.5219066350106046,32,20.522137198694324,21.296363636363637,1.2086055422849213,0.11688343623833423,11.0,20.6672196969697,21.541,0.9498419094927674,-0.3614166666666893,5.0,20.816875,24.104999999999997,10.638190146041447,16.0,20.201254867430542,20.6672196969697,0.46596482953915697,1,1.0,1.0
Haryana,Kurukshetra,25.99666081501789,26.25453125,10.795753363939436,1.118862386919709,32,38.44255207711356,39.305,1.9359873072296732,0.39607148387702956,11.0,39.58935381519889,40.364999999999995,1.086630887568213,-0.5968068410464037,5.0,38.205,39.525,6.9776746927359,18.0,37.163200148390345,39.58935381519889,2.4261536668085455,1,1.0,1.0
Haryana,Mahendragarh,25.257310260158263,23.557580645161288,8.995162096312361,0.4715320385376639,31,34.231875551079355,30.621499999999997,9.496801395115492,-1.325331378930745,10.0,30.745883152173914,28.3625,15.498066699331646,-9.299309782606704,4.0,,,,,36.058198426573426,30.745883152173914,-5.312315274399513,0,0.9090909090909091,0.8
Haryana,Nuh,6.682330198769129,4.637903225806451,2.0557615551700597,0.13465661314857302,31,8.010727914337124,4.9990000000000006,2.0811231397509937,-0.13934645228066464,10.0,8.104322344322345,4.862500000000001,3.0247934646753207,-1.2976996336993507,4.0,,,,,8.057997953216375,8.104322344322345,0.0463243911059692,0,0.9090909090909091,0.8
Haryana,Palwal,7.645305370610337,7.292822580645161,1.708914452855606,0.15585523772763316,31,9.701488029733424,9.73825,1.063889527825613,0.3113781884118112,10.0,10.694702380952382,10.95,0.7733361280884293,0.4881190476189525,4.0,,,,,8.890014154704945,10.694702380952382,1.8046882262474373,0,0.9090909090909091,0.8
Haryana,Panchkula,15.310355540731619,13.485,2.0988585520852583,-0.047680060242768614,32,14.23252419930006,11.937727272727273,1.702849941503661,0.06917179512698826,11.0,14.409181444991791,11.973,2.1286176988688505,-0.8498719211823216,5.0,14.538928571428572,12.265,13.39535341058628,14.0,13.707038460135013,14.409181444991791,0.7021429848567777,1,1.0,1.0
Haryana,Panipat,12.540333490143613,11.5346875,4.769092979041916,0.4572300464233576,32,18.259348948592034,16.305454545454545,2.0029712413565823,0.14114360156753814,11.0,18.563653511705688,15.766,2.4412638051029063,-0.894476923077038,5.0,18.398,16.33,11.889150636489672,15.0,17.610550538833145,18.563653511705688,0.9531029728725429,1,1.0,1.0
Haryana,Rewari,17.055086418078538,15.699435483870968,1.8670343353700565,0.09977631357884824,31,17.746146485972066,15.9535,1.7175420057470652,0.20117901186511683,10.0,18.003045803301557,16.125,1.269446083201407,-0.014671006742620082,4.0,,,,,17.314454030452303,18.003045803301557,0.6885917728492537,0,0.9090909090909091,0.8
Haryana,Rohtak,4.343135501580726,3.4819354838709677,1.0079256199614357,-0.03986514579941273,31,4.124136199986674,3.0025,1.0152504129431819,0.05601351713962961,10.0,4.078065990162765,2.875,0.9104189916009596,0.2693607348445429,4.0,,,,,4.28315294117647,4.078065990162765,-0.20508695101370567,0,0.9090909090909091,0.8
Haryana,Sirsa,11.912751555636952,11.054375,1.4518432526630258,0.11592663867939629,32,13.087850561220343,11.50090909090909,0.3494051075295915,-0.04329237575496679,11.0,12.966018416768417,11.686,0.23802392575815853,0.041440120065098576,5.0,12.816296296296297,11.43,9.492256823387136,27.0,13.253252817916337,12.966018416768417,-0.28723440114792,1,1.0,1.0
Haryana,Sonipat,6.468844969472113,4.616935483870968,1.7030471028345324,0.15773937729562626,31,8.668696557128573,5.2355,0.6012907575834645,0.09120833850651204,10.0,8.9478511185958,5.325,0.7429133638437194,-0.08224759714121767,4.0,,,,,8.519547001989201,8.9478511185958,0.42830411660659884,0,0.9090909090909091,0.8
Haryana,Yamunanagar,10.630251391611209,8.6690625,2.4257835715720573,0.18788938575510117,32,13.557027507484674,11.182272727272728,1.7060146894619717,-0.1886987405403844,11.0,12.957385245285854,10.65,2.40883082241388,-0.9955738862595876,5.0,12.708235294117646,6.3,10.816925530906483,17.0,13.964204303438498,12.957385245285854,-1.0068190581526437,1,1.0,1.0
Himachal Pradesh,Bilaspur,13.633055555555558,6.140000000000001,2.038431715320552,2.8827777777768038,2,13.633055555555558,6.140000000000001,2.038431715320552,2.8827777777768038,2.0,13.633055555555558,6.140000000000001,2.038431715320552,2.8827777777768038,2.0,15.074444444444445,6.48,21.85169736605781,9.0,,13.633055555555558,,1,0.18181818181818182,0.4
Himachal Pradesh,Chamba,9.35,7.749999999999999,2.899137802864843,4.0999999999986105,2,9.35,7.749999999999999,2.899137802864843,4.0999999999986105,2.0,9.35,7.749999999999999,2.899137802864843,4.0999999999986105,2.0,11.399999999999999,11.399999999999999,8.711555544218266,2.0,,9.35,,1,0.18181818181818182,0.4
Himachal Pradesh,Hamirpur,6.502054988662131,6.095714285714286,1.8016326306740367,0.06031680579522291,28,6.9297539682539675,5.792,2.8950109802257713,0.7178119288119528,10.0,8.663507936507937,7.01,3.2196840472430766,1.9440634920638458,5.0,12.981428571428571,11.7,10.414324155654443,7.0,5.45125,8.663507936507937,3.212257936507937,1,0.9090909090909091,1.0
Himachal Pradesh,Kangra,6.028036206070512,4.575344827586207,1.3529158282678186,-0.00862347972916452,29,5.893062016512835,4.09,1.7888304307766627,0.32142962660178986,11.0,6.909991168524146,4.232,2.187493385648684,0.7859364066195716,5.0,7.897404255319149,3.96,10.008385665899015,47.0,5.08331669637552,6.909991168524146,1.8266744721486265,1,1.0,1.0
Himachal Pradesh,Kullu,4.359310344827586,4.175,2.5110319890925936,0.15398089265304588,29,5.957878787878787,5.083181818181818,3.5600149883352623,0.7637121212119862,11.0,7.698,4.539,4.681661831016845,2.545500000000579,5.0,13.415,5.245,19.86989431275365,4.0,4.389333333333333,7.698,3.3086666666666673,1,1.0,1.0
Himachal Pradesh,Mandi,5.300490831964971,4.319310344827587,1.8316824910758551,-0.17468606300084305,29,3.710351731601732,3.6872727272727275,0.5280286530107338,0.045320887445887345,11.0,3.839380952380952,3.864,0.3897579904245366,-0.19020238095241807,5.0,3.638571428571429,4.62,2.0799233044468135,7.0,3.488392857142857,3.839380952380952,0.35098809523809527,1,1.0,1.0
Himachal Pradesh,Sirmaur,14.15962975865131,11.887321428571427,1.9972573633038642,-0.14566663873167254,28,12.744706253516599,11.8215,1.5801595591429078,0.1094877969470511,10.0,12.919018567639256,11.138,2.052071134319605,0.9020954907163977,5.0,15.725862068965517,11.09,17.987297207680715,29.0,12.57039393939394,12.919018567639256,0.34862462824531626,1,0.9090909090909091,1.0
Himachal Pradesh,Solan,13.319688837478312,11.995892857142858,2.639473063960111,0.21016411247197017,28,15.876296926757453,13.242500000000001,2.753832928255192,0.30189865995250764,10.0,16.402478468899524,12.952000000000002,3.1168403249047167,1.8691483253592163,5.0,21.35,13.26,24.553796040531086,13.0,15.350115384615384,16.402478468899524,1.0523630842841403,1,0.9090909090909091,1.0
Himachal Pradesh,Una,8.373079922928753,5.481290322580644,2.0106043726437925,-0.029589422554992396,31,7.471350575467457,5.32,0.9045840452052746,0.11138876913869106,11.0,7.966820862802598,5.669,0.46248145247985,0.21573105341848736,5.0,8.268529411764705,5.895,6.511092694384431,34.0,7.211440725806452,7.966820862802598,0.7553801369961457,1,1.0,1.0
Jammu And Kashmir,Bandipora,1.6033333333333335,1.735,0.27812866726670854,-0.3933333333331998,2,1.6033333333333335,1.735,0.27812866726670854,-0.3933333333331998,2.0,1.6033333333333335,1.735,0.27812866726670854,-0.3933333333331998,2.0,1.406666666666667,1.37,0.3265475973473596,3.0,,1.6033333333333335,,1,0.18181818181818182,0.4
Jammu And Kashmir,Baramulla,1.6914619565217393,1.3945833333333333,0.46295429943805044,0.04420049624450442,12,1.7242826086956522,1.49,0.5205833854342622,0.0769754761904838,9.0,1.9046801242236024,1.58,0.21609615403666296,-0.07279968944098528,5.0,1.8921739130434785,1.7,1.274141267042021,23.0,1.4987857142857144,1.9046801242236024,0.40589440993788806,1,0.8181818181818182,1.0
Jammu And Kashmir,Ganderbal,6.343333333333334,6.343333333333334,1.7124933089893613,-1.7099999999998772,3,6.343333333333334,6.343333333333334,1.7124933089893613,-1.7099999999998772,3.0,6.343333333333334,6.343333333333334,1.7124933089893613,-1.7099999999998772,3.0,4.58,4.58,3.6769552621700465,2.0,,6.343333333333334,,1,0.2727272727272727,0.6
Jammu And Kashmir,Jammu,7.5800323732276205,4.65640625,1.4767261993561982,0.029157849165931646,32,7.492813477071649,4.450909090909091,2.0645906560226144,0.535346360137853,11.0,9.128724241217775,4.992,2.0472868644931657,1.2046478807082945,5.0,11.301526315789474,5.31,13.88507694401876,95.0,6.153332075006519,9.128724241217775,2.9753921662112557,1,1.0,1.0
Jammu And Kashmir,Kathua,7.342701457290337,5.1465625,1.9112692111683245,0.11539069171003216,32,8.52837363529892,5.591818181818182,2.8808954238927016,0.7229411654520784,11.0,10.680311161387632,6.2829999999999995,3.022399097592842,1.7413330316744378,5.0,12.875499999999999,6.665,14.56150280177681,40.0,6.873723739495799,10.680311161387632,3.806587421891833,1,1.0,1.0
Jammu And Kashmir,Kupwara,2.4614499417209785,2.0577083333333333,0.5146861720074255,-0.00871058814347344,12,2.392136959331675,2.0275,0.51476739267293,0.01553695681700109,9.0,2.508471526797015,2.022,0.5986985087481408,-0.2869883008928248,5.0,2.330731707317073,2.21,1.122065929978944,41.0,2.24671875,2.508471526797015,0.26175277679701514,1,0.8181818181818182,1.0
Jammu And Kashmir,Poonch,10.888333333333334,10.311666666666667,2.31136503679824,2.1199999999996875,3,10.888333333333334,10.311666666666667,2.31136503679824,2.1199999999996875,3.0,10.888333333333334,10.311666666666667,2.31136503679824,2.1199999999996875,3.0,13.54,13.185,8.267538932475611,4.0,,10.888333333333334,,1,0.2727272727272727,0.6
Jammu And Kashmir,Pulwama,10.102222222222222,10.102222222222222,6.0709961657412075,-0.2644631901840031,9,8.737142857142857,8.737142857142857,6.27350703165227,1.0211956521736583,7.0,10.518,10.518,6.252009277024466,0.3680000000006492,5.0,14.39,14.39,0.0,1.0,4.285,10.518,6.2330000000000005,1,0.6363636363636364,1.0
Jammu And Kashmir,Rajouri,3.670267461733027,3.4374137931034485,1.0578325513952258,0.006134136452675391,29,3.581924477105464,3.3786363636363634,0.8335190550527473,0.17065419997667874,11.0,4.119502285925456,3.941,0.4403571802720278,0.23963268398273843,5.0,4.8782499999999995,4.555,2.4589104190104094,40.0,3.2744815637065634,4.119502285925456,0.845020722218893,1,1.0,1.0
Jammu And Kashmir,Reasi,7.202642263650327,4.108225806451613,2.9577458056273627,-0.004823348694316514,31,7.262505903187721,4.020909090909091,4.496186142062881,0.8063512396692427,11.0,9.532727272727273,4.554,6.012596891358399,2.5614155844161597,5.0,12.526363636363635,5.37,17.100265069715892,11.0,5.724785714285714,9.532727272727273,3.8079415584415592,1,1.0,1.0
Jammu And Kashmir,Samba,7.490908333879859,5.4434375,1.0755400905652575,0.046414288424093356,32,7.737408400396442,5.337272727272727,1.2083237949843812,0.256597195779669,11.0,8.502569821731749,5.868,1.345441599757422,0.7731768887946758,5.0,9.536842105263156,6.390000000000001,8.017138771563305,38.0,7.251849871261636,8.502569821731749,1.2507199504701125,1,1.0,1.0
Jammu And Kashmir,Srinagar,3.1302291666666666,3.1302291666666666,0.9425327065601521,0.05608912556053349,12,3.2158611111111113,3.2158611111111113,1.0779957321859446,0.06636166666667949,9.0,3.36255,3.36255,1.2327864829320607,0.2825500000001803,5.0,5.21275,5.21275,0.7251380041068048,2.0,3.0325,3.36255,0.33004999999999995,1,0.8181818181818182,1.0
Jammu And Kashmir,Udhampur,4.324113009650002,3.666129032258065,1.3547812154831513,0.004120588744285816,31,4.1136058685964825,3.3713636363636366,1.259329408680331,0.3075789226861714,11.0,5.136492839141926,3.864,0.9569977184175313,0.5300311635627363,5.0,6.507241379310345,4.02,8.104864454913008,29.0,3.3892295454545454,5.136492839141926,1.7472632936873809,1,1.0,1.0
Jharkhand,Bokaro,7.683492448411804,7.904032258064516,1.3032223634522173,-0.04869491856818648,31,6.745943955034864,6.722272727272728,1.1472551463100413,-0.21841657080290103,11.0,6.00834126984127,5.557,0.8252844171396883,0.32090873015869686,5.0,6.0685714285714285,6.335,2.490612705410387,14.0,7.727735431235432,6.00834126984127,-1.7193941613941623,1,1.0,1.0
Jharkhand,Chatra,8.546789423974719,8.1485,1.3491190913866873,-0.046550288445294664,30,7.828593271924154,7.5755,1.6104871079743857,-0.3026400633680313,10.0,6.487650829562594,6.609999999999999,0.8043518105220925,0.2926794871794647,5.0,6.8675,6.2,2.7507546811356107,20.0,9.169535714285715,6.487650829562594,-2.6818848847231207,1,0.9090909090909091,1.0
Jharkhand,Deoghar,7.851639814814815,7.728166666666667,0.694657371735133,-0.005546853744175119,30,7.73021164021164,7.749444444444445,0.7300838309151694,-0.12907823129251816,9.0,7.152440476190476,7.3,0.4944946910484465,-0.2006269841270361,4.0,6.496428571428572,6.9,1.9281781243238083,14.0,8.192428571428572,7.152440476190476,-1.0399880952380958,1,0.8181818181818182,0.8
Jharkhand,Dhanbad,6.009131377865674,6.0119354838709675,1.1511626563541135,0.05088641583194154,31,6.073642375168691,6.182,0.5406449627042232,-0.03569219987880235,10.0,6.034437134502924,5.87,0.3446462343540357,-0.21911403508772662,4.0,5.668888888888889,5.73,2.8839084771495718,18.0,6.317235042735042,6.034437134502924,-0.28279790823211837,1,0.9090909090909091,0.8
Jharkhand,Dumka,6.999607828551377,7.153548387096774,1.0557155871822828,-0.028827038814158233,31,6.594541258741259,6.807,1.1903180186500664,-0.06574050037541174,10.0,6.8024621212121215,7.1925,0.25062115594002354,-0.13889393939392494,4.0,6.752727272727273,7.17,2.1354004460370106,22.0,7.080053996983409,6.8024621212121215,-0.27759187577128763,1,0.9090909090909091,0.8
Jharkhand,East Singhbum,8.584258964292788,7.988333333333333,1.6298121326464885,-0.09156644135780395,30,7.161167801969273,6.249499999999999,1.5933539276035196,-0.4106052340935041,10.0,5.490541258169935,4.7,0.7690476613744077,0.10128839869273054,4.0,4.936470588235294,4.05,3.076579054880098,34.0,8.469902597402598,5.490541258169935,-2.979361339232663,1,0.9090909090909091,0.8
Jharkhand,Garhwa,7.175804289061599,7.019074074074074,1.5042028654233137,-0.006649256243240814,27,6.774153607925538,6.413888888888889,2.151294145005942,-0.16567154423729138,9.0,6.6499408559276985,6.53125,0.26770649835987054,-0.0483165869218769,4.0,6.38909090909091,6.525,1.6322899750873197,22.0,8.191904761904762,6.6499408559276985,-1.541963905977064,1,0.8181818181818182,0.8
Jharkhand,Giridih,8.19714727165536,8.219666666666667,0.9809846871819904,0.013401319721041303,30,8.370511503746798,8.202222222222222,1.0176122719512002,-0.21157911516255234,9.0,7.450205505279035,7.0975,0.6371542027878985,-0.28026621417804676,4.0,6.569411764705882,6.14,2.460920738738438,17.0,9.106756302521008,7.450205505279035,-1.656550797241973,1,0.8181818181818182,0.8
Jharkhand,Godda,7.197677494128965,6.8453333333333335,1.2525604673135216,-0.008498851140151142,30,6.826436847466259,6.7170000000000005,1.8501080906424854,-0.051786084681803,10.0,6.354787114845938,6.35,2.6590741164120324,0.9821680672267811,5.0,7.139411764705883,6.8,2.2172236879379,17.0,7.29808658008658,6.354787114845938,-0.9432994652406421,1,0.9090909090909091,1.0
Jharkhand,Gumla,6.473007577265217,6.91758064516129,1.2357888917582238,-0.02242776311301873,31,6.117252882683505,6.524545454545454,1.5079101733414575,-0.23195891110484287,11.0,5.278275689223058,5.4959999999999996,1.640497037607407,0.5268997493735964,5.0,6.053333333333334,6.18,2.435677181675218,21.0,7.190449883449884,5.278275689223058,-1.912174194226826,1,1.0,1.0
Jharkhand,Hazaribagh,8.35571849323516,8.3035,1.3695454033626913,-0.030374484077198602,30,7.74870547970548,7.581,1.8698965038726836,-0.09840057585512331,10.0,7.1793304843304835,7.029999999999999,2.131301024222486,0.9389458689458238,5.0,8.087037037037037,8.0,2.4367219702120226,27.0,8.950378371628371,7.1793304843304835,-1.7710478872978879,1,0.9090909090909091,1.0
Jharkhand,Jamtara,7.792833170413815,8.036129032258065,1.038635743659349,-0.02935350536584765,31,7.359699494949496,7.8185,1.2739692138559147,-0.055930957879999105,10.0,7.565498737373737,8.2475,0.3749761855598521,-0.08284595959595754,4.0,7.407272727272727,8.34,2.2529096338250714,11.0,7.891444444444444,7.565498737373737,-0.3259457070707068,1,0.9090909090909091,0.8
Jharkhand,Khunti,7.637059763765646,7.356136363636364,1.1623697699320041,-0.09030540599067069,22,6.068386770092653,6.05,0.4243477932246708,-0.13510224089641115,5.0,6.068386770092653,6.05,0.4243477932246708,-0.13510224089641115,5.0,5.392941176470589,5.15,2.092763617521943,17.0,,6.068386770092653,,1,0.45454545454545453,1.0
Jharkhand,Koderma,6.961515963203463,6.815,1.0034074850585957,-0.02554385449568883,16,6.803065416065416,6.461111111111111,0.8615321769886862,0.0003347197847149088,9.0,6.617727272727274,6.343999999999999,0.8175547540937119,0.2535606060605881,5.0,6.263636363636365,6.32,2.192561391283139,11.0,7.034738095238096,6.617727272727274,-0.41701082251082155,1,0.8181818181818182,1.0
Jharkhand,Latehar,8.200456156806156,8.203166666666666,0.7758067460854674,0.01630960118940193,30,8.31622738095238,8.314,0.8507897472082687,-0.13431740565830735,10.0,7.701380952380952,7.795,0.6582889545591912,-0.4981523809524013,4.0,6.969333333333334,7.23,1.8827543147006225,15.0,8.74635,7.701380952380952,-1.0449690476190474,1,0.9090909090909091,0.8
Jharkhand,Lohardaga,7.729388472160024,7.701206896551724,0.8061720773603905,-0.02045861645001559,29,7.564674188311687,7.3675,0.8387530199066715,-0.07186870326643365,10.0,7.2080340909090905,7.125,1.0832812898404498,0.2425795454544743,5.0,6.585625,6.575,2.5845463012554704,16.0,7.944824675324675,7.2080340909090905,-0.7367905844155844,1,0.9090909090909091,1.0
Jharkhand,Pakur,7.135523677248677,6.977833333333334,0.9158464495976297,0.02052508516841677,30,7.117860317460318,6.7219999999999995,0.6915385524927139,0.06223332896060034,10.0,7.391795634920635,6.975,0.2783510361674175,0.07256746031746351,4.0,7.447500000000001,6.75,3.3991954261934616,12.0,6.7302841269841265,7.391795634920635,0.6615115079365088,1,0.9090909090909091,0.8
Jharkhand,Palamu,8.008828781850333,7.711551724137931,1.256073902127367,0.013028446587351656,29,7.755474918599919,7.573888888888888,1.3062718919538356,-0.1780123182514819,9.0,6.806190476190476,6.4725,0.44591159484332965,-0.3287619047619308,4.0,6.211666666666667,6.09,2.1112673918762637,18.0,8.514902472527472,6.806190476190476,-1.708711996336996,1,0.8181818181818182,0.8
Jharkhand,Ramgarh,7.09665775684011,7.425,1.2561851512416276,-0.08121994776775436,30,6.225835175282234,6.2575,1.4819919166563953,-0.12444051027206005,10.0,5.692957219251337,5.720000000000001,1.8110716956518693,0.7510354278074346,5.0,6.0200000000000005,6.15,1.5225843680711875,20.0,7.112974747474747,5.692957219251337,-1.4200175282234104,1,0.9090909090909091,1.0
Jharkhand,Ranchi,6.873781459843129,6.887096774193548,1.1493871949282488,-0.05891673153202751,31,6.278703726531935,6.083636363636364,1.1479296316624283,0.04495558343170538,11.0,6.386204220779221,6.115,1.6261621653463527,0.5506336580085682,5.0,6.286458333333333,6.375,2.614702692169746,48.0,6.362238095238095,6.386204220779221,0.02396612554112565,1,1.0,1.0
Jharkhand,Sahebganj,6.692834314183832,6.711129032258064,1.36443752677455,0.02008022229938234,31,6.674725262858767,6.706,1.5394004099427463,-0.07212209882021592,10.0,5.852868712702473,5.725,0.9903440087394815,0.7034032395566853,4.0,6.57304347826087,6.4,1.9135793087173019,23.0,6.567155555555556,5.852868712702473,-0.7142868428530829,1,0.9090909090909091,0.8
Jharkhand,Saraikela Kharsawan,7.308607407407408,7.453166666666666,1.0533070885436158,-0.023908010815274168,30,6.710577601410935,6.902777777777778,0.8823531604934227,-0.2032093456430212,9.0,5.928660714285714,6.31,0.4226475887411491,-0.19903571428574546,4.0,5.4875,5.1899999999999995,3.1289071574592944,16.0,7.336111111111111,5.928660714285714,-1.4074503968253973,1,0.8181818181818182,0.8
Jharkhand,Simdega,6.804264686729392,7.183833333333334,1.2330883811912716,-0.046471224426832144,30,5.912786917331035,6.242,0.7172285065478617,-0.19109158488571062,10.0,5.296783236371471,5.4,0.2662041681934832,0.05470448179275575,5.0,5.624117647058823,5.55,1.4847645386707342,17.0,6.610988247863247,5.296783236371471,-1.3142050114917758,1,0.9090909090909091,1.0
Jharkhand,West Singhbhum,6.9505572793763974,7.036833333333333,1.0269103754433369,0.03136557221080504,30,7.253529114676174,7.257222222222222,0.9537151337929842,-0.09518047504715874,9.0,6.998606092436975,7.21,0.8953096495357526,-0.02571302521018259,4.0,6.1675,6.34,2.9001817784108104,24.0,7.457467532467533,6.998606092436975,-0.4588614400305575,1,0.8181818181818182,0.8
Karnataka,Bagalkote,7.358530519246679,6.301,1.292820818764369,0.017473413829817836,30,8.048462510808086,7.076666666666666,1.6772790112602514,-0.25684394153655243,9.0,6.252062430323299,5.3,0.3531120615646418,0.08494983277592678,3.0,,,,,8.495995061260578,6.252062430323299,-2.2439326309372785,0,0.8181818181818182,0.6
Karnataka,Ballari,5.8827163796411535,5.549274193548388,1.0457909918672628,-0.0009790239205944454,31,6.052937354312354,5.8549999999999995,1.6626768410438608,-0.10527574965589474,10.0,5.086538461538462,4.907500000000001,1.140196443159723,0.19738461538451418,4.0,4.36,4.23,2.305486210469858,10.0,6.086643939393939,5.086538461538462,-1.0001054778554774,1,0.9090909090909091,0.8
Karnataka,Belagavi,7.998866874502755,7.550645161290323,1.231051737838277,-0.07266337980081444,31,7.38898253896531,6.8790000000000004,1.3246345572607103,-0.2077176481599581,10.0,6.485413900471952,5.8125,1.5416757782911295,0.027244331289451768,4.0,5.38972602739726,5.0,3.4640170052679284,73.0,8.159633957553059,6.485413900471952,-1.674220057081106,1,0.9090909090909091,0.8
Karnataka,Bengaluru Rural,8.27733055136871,7.789666666666666,1.590053845965088,-0.08530529564802276,30,7.246591750841751,6.254444444444444,1.884967422508774,-0.17955012626262132,9.0,5.5636363636363635,4.7,0.7010617685381114,0.6772727272726234,3.0,,,,,7.5381833333333335,5.5636363636363635,-1.97454696969697,0,0.8181818181818182,0.6
Karnataka,Bengaluru Urban,5.11989867687057,4.332741935483871,1.5889189508239525,-0.10992093977528229,31,3.99823782137569,2.964,1.197366143402636,-0.24831472401543564,10.0,3.1811787925696597,2.8225,0.598742091836369,0.03710495356032487,4.0,2.9210000000000003,2.3899999999999997,2.242967723915419,20.0,4.912782608695652,3.1811787925696597,-1.7316038161259923,1,0.9090909090909091,0.8
Karnataka,Bidar,9.983812790461903,9.551935483870968,1.8676448101652137,-0.07499113605736632,31,9.10598967528237,8.061,2.8326727103870044,-0.48803162897124935,10.0,6.75171921182266,5.785,1.3492576807620644,-0.8551980295567594,4.0,4.752,4.34,3.2332863606020386,30.0,9.823937314439945,6.75171921182266,-3.072218102617285,1,0.9090909090909091,0.8
Karnataka,Chamarajanagara,6.825501566610641,6.31241935483871,1.3641715961163072,-0.04241744171127896,31,6.12912983832417,5.768,1.4807466725034286,-0.23072637471677876,10.0,5.080069175696594,4.15,1.4833071440671324,0.7749684597522601,4.0,5.633125,4.699999999999999,3.600208732374647,16.0,6.934204336091064,5.080069175696594,-1.8541351603944696,1,0.9090909090909091,0.8
Karnataka,Chikkaballapura,7.06349822965188,6.490483870967743,2.247252084852522,-0.12722535200149904,31,4.82484299034299,4.246,1.9393435146165996,-0.48701172259021364,10.0,2.8600000000000003,2.3449999999999998,0.5763679380395825,0.08999999999994215,4.0,2.46,1.7799999999999998,2.019469520160466,8.0,6.504543123543124,2.8600000000000003,-3.644543123543124,1,0.9090909090909091,0.8
Karnataka,Chikkamagaluru,7.422983877982997,7.218709677419355,0.9311670618737083,-0.02492017167382148,31,7.069058673057798,6.901999999999999,1.268846682306805,-0.16650961547595025,10.0,6.642766483126138,6.2162500000000005,1.3274012896684542,-0.36347833035123944,4.0,5.038970588235294,4.665,3.305462299595536,68.0,7.783904159614686,6.642766483126138,-1.1411376764885475,1,0.9090909090909091,0.8
Karnataka,Chitradurga,7.825731570854074,7.421129032258064,1.6768558726710012,-0.03156107526858319,31,7.409445583312146,6.721500000000001,2.460674101477238,-0.2039346070809687,10.0,6.525219404186796,4.825,3.0844912255132035,1.0637818035424402,4.0,5.572173913043478,4.75,4.190962090153849,23.0,8.658715643274855,6.525219404186796,-2.1334962390880587,1,0.9090909090909091,0.8
Karnataka,Dakshina Kannada,8.044321073745486,7.630483870967742,0.7613458064379988,-0.008215882473097822,31,7.945591731953904,7.581999999999999,0.7778809722564121,0.006768022353534976,10.0,7.705373498952289,7.4825,0.6651132813654309,-0.12477963813674023,4.0,7.196704545454545,6.98,2.8597832574374125,88.0,7.8568846647459765,7.705373498952289,-0.1515111657936874,1,0.9090909090909091,0.8
Karnataka,Davangere,6.46343534220553,6.141774193548388,1.9431026230379693,-0.1673486928823119,31,5.007226786168319,4.348,1.821154554531856,-0.25346392302935766,10.0,3.6542434210526316,3.175,1.5649047418454334,0.14430263157878195,4.0,2.4125,1.85,2.5704652626843,4.0,5.744392168827867,3.6542434210526316,-2.090148747775235,1,0.9090909090909091,0.8
Karnataka,Dharwad,10.172456829943881,8.909354838709678,2.095071530350909,-0.11477323551507677,31,9.037278710420015,7.256,2.515260297181885,-0.40658286902803686,10.0,6.744813076416337,5.641249999999999,0.9165130828907841,0.4245727931488203,4.0,6.798636363636363,5.965,4.232024501970822,22.0,9.938706959706959,6.744813076416337,-3.193893883290622,1,0.9090909090909091,0.8
Karnataka,Gadag,9.747027955779831,8.371833333333333,1.857679194478524,-0.09382503761736569,30,8.618824638726814,7.377777777777778,2.4591785721580703,-0.5608894125210777,9.0,6.363136363636364,5.3625,0.9978745466405737,0.543469264069218,4.0,6.6979999999999995,6.35,3.2463236349534137,15.0,10.423375258799172,6.363136363636364,-4.060238895162809,1,0.8181818181818182,0.8
Karnataka,Hassan,7.829175935452595,7.336451612903226,1.3466710919278162,-0.057652569425615786,31,7.497221562927929,7.15,1.5155796008850213,-0.25505520104235546,10.0,6.20552169207604,6.1175,1.3606009151343272,0.028254488989122854,4.0,5.003285714285714,4.32,3.5230128416458624,70.0,8.160025772195027,6.20552169207604,-1.954504080118987,1,0.9090909090909091,0.8
Karnataka,Haveri,10.43721171614028,10.319381720430107,2.4422339802913022,-0.18748369660023353,31,8.193934122744508,8.193833333333334,2.495424971875251,-0.44076076638470757,10.0,6.4471981694775815,6.175,2.336091846423952,0.31804243795397064,4.0,5.003846153846154,4.9,3.0753957427230363,13.0,9.910109709906951,6.4471981694775815,-3.4629115404293698,1,0.9090909090909091,0.8
Karnataka,Kalaburagi,7.894261186001719,7.425000000000001,1.4045080826871268,-0.07673038730430379,31,7.376953100832192,6.6425,1.8537881427779266,-0.32915468883937526,10.0,6.0259152119967485,5.3125,1.1057465190066433,-0.43122878962917716,4.0,4.473367346938775,3.7,3.6878626075607666,49.0,8.413174032066985,6.0259152119967485,-2.3872588200702367,1,0.9090909090909091,0.8
Karnataka,Kodagu,8.235207133423513,7.930806451612903,1.1691951714026216,-0.028599357205383265,31,8.217620930486751,8.128,1.4759620034418222,-0.013415866915546353,10.0,8.434715909090908,8.49375,0.9684674741313789,0.1648409090908414,4.0,8.196818181818182,8.125,3.969171356686589,66.0,8.787469133700775,8.434715909090908,-0.3527532246098666,1,0.9090909090909091,0.8
Karnataka,Kolar,5.811825236238155,5.364090909090909,2.1321166851423414,-0.20352211556792563,22,4.0986837040737045,3.7275,1.2813594315477497,-0.2603479603856864,10.0,3.039848484848485,2.8375,0.7666306734873579,0.2541818181817605,4.0,2.7866666666666666,1.95,2.094333625125981,3.0,4.984377509157509,3.039848484848485,-1.9445290243090243,1,0.9090909090909091,0.8
Karnataka,Koppal,7.193417055839643,6.670166666666666,1.4075788423027844,-0.044241089006922626,30,6.273205463381934,5.66,1.5895925890258553,-0.3459203412833699,9.0,4.72500641025641,4.42125,0.5112231855691908,-0.0030692307692793226,4.0,4.2589999999999995,4.484999999999999,2.3137163088621593,20.0,7.511764705882354,4.72500641025641,-2.786758295625944,1,0.8181818181818182,0.8
Karnataka,Mandya,5.795901878003881,5.190403225806452,1.527739860332497,-0.09745522847652183,31,4.763393087464474,4.089,1.6604947458376902,-0.28683927475902293,10.0,3.585500730994152,2.7875,1.1732310848101115,0.4324897660817787,4.0,3.381447368421053,2.3,2.5567100132298233,38.0,5.815274479022513,3.585500730994152,-2.229773748028361,1,0.9090909090909091,0.8
Karnataka,Mysuru,7.101978685583818,6.304516129032258,1.3695347050576752,-0.03530866999302389,31,6.664103262919861,5.6445,1.7392960548807204,-0.33479267177581495,10.0,5.449212710738873,3.875,1.3814287195699149,0.4606597143165854,4.0,5.223953488372093,3.65,4.528699692245784,43.0,7.896836357248621,5.449212710738873,-2.447623646509748,1,0.9090909090909091,0.8
Karnataka,Raichur,5.6187328043850595,5.129784946236559,0.9686706784460068,-0.01138776586834488,31,5.595742546096782,4.933333333333334,1.133253245222518,-0.14878235559171063,10.0,4.614632400981085,3.845833333333333,0.7115697136010799,0.46621706509864513,4.0,5.101851851851851,4.283333333333333,3.0669093531761984,36.0,6.0931125047420265,4.614632400981085,-1.4784801037609414,1,0.9090909090909091,0.8
Karnataka,Ramanagara,6.493204486289716,5.889354838709677,1.280875056720257,-0.06850228219877429,31,5.5744160528682265,4.8655,1.414380470833622,-0.3252793691774624,10.0,4.263647996528431,3.605,0.5511273972188107,0.22498123052466984,4.0,4.243181818181818,4.02,2.6818923425067864,22.0,6.673368253968254,4.263647996528431,-2.4097202574398233,1,0.9090909090909091,0.8
Karnataka,Shivamogga,8.201908024865547,8.28483870967742,1.0737970019574123,-0.03962513939466593,31,8.270478489448283,8.772,0.9985262039226591,-0.13721935057063717,10.0,7.643030645248967,8.0875,0.9966195733342506,0.2876105838225228,4.0,7.747602739726028,8.4,4.21285006042929,73.0,8.936532462697391,7.643030645248967,-1.2935018174484245,1,0.9090909090909091,0.8
Karnataka,Tumakuru,7.141658017289318,6.4272580645161295,1.857127805682342,-0.1068535971116509,31,5.757643117794457,5.197,2.0589403950498313,-0.22049072500893555,10.0,4.143675461175461,3.5575,1.412914619497667,0.5228232518231464,4.0,3.772162162162162,2.88,2.733184076346706,37.0,6.540345866648545,4.143675461175461,-2.396670405473084,1,0.9090909090909091,0.8
Karnataka,Udupi,8.232188655736621,8.047166666666666,0.6739585941686322,0.010019664502500941,30,8.428283990345836,8.2,0.6479040392719919,-0.038608471508046915,9.0,8.15890217512273,7.654999999999999,0.6612565493518907,0.10902560931875252,4.0,8.219701492537315,7.72,2.9334145840069055,67.0,8.643789442524321,8.15890217512273,-0.48488726740159116,1,0.8181818181818182,0.8
Karnataka,Uttara Kannada,7.430810315041015,7.378709677419355,0.8329556038763616,0.008566199278415138,31,7.5969715791588985,7.483499999999999,0.8572824305477161,-0.08556776228203877,10.0,6.986559607059607,6.76,0.946492196387519,0.27624795204787417,4.0,6.728666666666666,6.54,3.017097376051456,75.0,7.914695472670109,6.986559607059607,-0.9281358656105025,1,0.9090909090909091,0.8
Karnataka,Vijayanagar,8.03442850291046,7.634516129032257,2.1436292094966807,-0.08625124203398653,31,7.345222806278383,6.3995,3.42946652225956,-0.2503949788853529,10.0,5.324166773231031,3.9775,0.8606166003473628,-0.433821696504769,4.0,4.0735,3.56,2.4101261705343844,20.0,7.1311121939719415,5.324166773231031,-1.8069454207409104,1,0.9090909090909091,0.8
Karnataka,Vijayapura,7.363235837654582,6.768833333333333,0.7785912134129379,-0.005945182796698431,30,7.3024551044453005,6.646111111111111,0.9155131057647501,-0.2174697861234487,9.0,6.347743386243387,5.483333333333333,0.45934486306128997,0.42806349206342514,3.0,,,,,7.942439822922177,6.347743386243387,-1.59469643667879,0,0.8181818181818182,0.6
Karnataka,Yadgir,6.194054413803914,5.891935483870968,1.1041443355281393,-0.008504565827351982,31,6.2531091930618405,5.4525,1.5115388538888903,-0.13579711491715102,10.0,5.2958541666666665,4.5825000000000005,0.8889912364038117,-0.46817500000008644,4.0,3.9754166666666664,2.68,2.9702202804662075,24.0,6.349535052790347,5.2958541666666665,-1.0536808861236802,1,0.9090909090909091,0.8
Kerala,Alappuzha,3.4763969117940614,2.40247311827957,0.2770762833627418,-0.010710386032210873,31,3.279021226791303,2.383,0.23018698504048937,-0.00422401959033365,10.0,3.230242260409278,2.3280000000000003,0.2178451729725527,0.012673979007149791,5.0,3.222201646090535,2.39,2.6253592852952807,81.0,3.327800193173327,3.230242260409278,-0.09755793276404878,1,0.9090909090909091,1.0
Kerala,Ernakulam,5.325900211389318,5.3348387096774195,0.3925601038438521,-0.003563211678382561,31,5.116042033428246,5.157,0.25174493960027944,-0.03416569629708016,10.0,4.996042976589711,4.994,0.21260278563278878,0.016708121576838302,5.0,4.894848484848485,4.77,2.9540176737228006,121.0,5.236041090266783,4.996042976589711,-0.23999811367707125,1,0.9090909090909091,1.0
Kerala,Idukki,4.826251193289692,4.591774193548387,0.614669942615241,-0.018429693632618645,31,4.7367557369377575,4.246499999999999,0.6295588486967572,-0.11455927649427343,10.0,4.264670274483746,3.9879999999999995,0.2634322328705328,0.07611150582704938,5.0,4.275753424657534,3.89,2.250437561038729,73.0,5.20884119939177,4.264670274483746,-0.9441709249080246,1,0.9090909090909091,1.0
Kerala,Kannur,7.941913518051065,7.631935483870968,0.4353819189160376,0.012446896985868285,31,8.099980529672452,7.6355,0.44159474331679976,-0.074193710413586,10.0,7.83084048198225,7.49,0.028084386596019424,0.00580575286259465,5.0,7.858316831683169,7.65,3.910029685132053,101.0,8.369120577362654,7.83084048198225,-0.5382800953804043,1,0.9090909090909091,1.0
Kerala,Kasaragod,10.281999400617375,10.120806451612903,0.6438726008402933,0.03333354113028652,31,10.703511613400142,10.6165,0.506689650875927,-0.0502750317691409,10.0,10.462906755381155,10.422,0.212709572971938,-0.10773239118657177,5.0,10.239424778761062,10.41,4.311948761467765,113.0,10.944116471419125,10.462906755381155,-0.48120971603797,1,0.9090909090909091,1.0
Kerala,Kollam,7.798747148624209,7.461935483870968,0.33841707114010616,-0.010396015632215651,31,7.687873660894995,7.590000000000001,0.32567978719191293,-0.06361158103640636,10.0,7.476450531538569,7.284000000000001,0.2686280742220406,-0.03746963480154893,5.0,7.260133928571428,7.220000000000001,3.256248079996074,112.0,7.899296790251421,7.476450531538569,-0.42284625871285186,1,0.9090909090909091,1.0
Kerala,Kottayam,5.640396303840312,5.417258064516129,0.5559617538298351,-0.04053393556525163,31,5.14815104919153,4.912000000000001,0.5834712704576585,-0.09457368627875684,10.0,4.719074560117302,4.502000000000001,0.4783312745803267,0.2010234848485387,5.0,5.024909090909091,4.61,2.3341973580649316,55.0,5.577227538265758,4.719074560117302,-0.858152978148456,1,0.9090909090909091,1.0
Kerala,Kozhikode,5.6680726436613975,5.141129032258065,0.2512977295371121,-0.0033577721686662396,31,5.672029719402234,4.962000000000001,0.3315728695323624,-0.02865624692318601,10.0,5.511248773888309,4.816000000000001,0.3340833253981999,0.042922373492132994,5.0,5.260989010989011,4.48,3.067261918658998,91.0,5.832810664916161,5.511248773888309,-0.3215618910278515,1,0.9090909090909091,1.0
Kerala,Malappuram,7.74842793432201,7.317903225806451,0.4852757866819658,0.014717616585130024,31,8.012675696536894,7.6530000000000005,0.4773656130921565,-0.09598851576986993,10.0,7.624318185244787,7.406999999999999,0.1759370381638828,-0.01359394318809063,5.0,7.6434482758620685,7.335,4.024417020367434,116.0,8.401033207829,7.624318185244787,-0.776715022584213,1,0.9090909090909091,1.0
Kerala,Palakkad,6.674412798596061,6.45274193548387,0.562110863728207,0.0037683974917389314,31,6.876308568227641,6.297,0.684344860112118,-0.11080013661688622,10.0,6.40232947887646,5.813000000000001,0.5541871530927763,-0.04320239702303519,5.0,5.805466101694915,5.265,4.181153584085722,118.0,7.350287657578823,6.40232947887646,-0.947958178702363,1,0.9090909090909091,1.0
Kerala,Pathanamthitta,5.632834671017004,5.387419354838709,0.4282277382547301,-0.031097696149776824,31,5.384209836757529,5.239,0.3797570989453153,-0.07051777100043129,10.0,5.114015664057744,5.04,0.36296652433832993,0.02931519922052755,5.0,4.819195402298851,4.7,2.3606337680706333,87.0,5.6544040094573145,5.114015664057744,-0.5403883453995704,1,0.9090909090909091,1.0
Kerala,Thiruvananthapuram,8.974965324763737,7.562741935483871,1.0795067661502051,0.04697478009567635,31,9.928557070174957,8.636,1.0312302856109716,-0.1702643666919825,10.0,9.237629398728455,8.164,0.8077717651994546,0.26796734953679857,5.0,9.195495495495496,8.27,6.417845112544854,111.0,10.619484741621463,9.237629398728455,-1.381855342893008,1,0.9090909090909091,1.0
Kerala,Thrissur,6.533629406571608,6.288064516129032,0.35730601229290504,0.007509809450557705,31,6.6497043417456725,6.590999999999999,0.329219178629468,-0.04830782261962499,10.0,6.439685999245403,6.2700000000000005,0.2687673365670215,-0.025200031772528483,5.0,6.096636363636364,5.95,3.1544894546925453,110.0,6.8597226842459404,6.439685999245403,-0.4200366850005377,1,0.9090909090909091,1.0
Kerala,Wayanad,7.477776772928839,7.018387096774194,0.4854127236259949,-0.003971276654360623,31,7.6097865312201005,7.2595,0.4455413650204991,-0.04820607943937333,10.0,7.397585118425942,7.090000000000001,0.3980609892591314,0.04180420152945434,5.0,7.024400000000001,6.95,4.177441102177524,75.0,7.821987944014259,7.397585118425942,-0.42440282558831655,1,0.9090909090909091,1.0
Madhya Pradesh,Agar-Malwa,11.813830312865239,10.83953125,1.7324756020509324,-0.06740463683935737,32,10.690034886681945,10.306818181818182,0.8880351053281524,-0.05862892793482182,11.0,10.256162464985994,10.061000000000002,0.8906108909199224,0.22438095238106368,5.0,10.89,10.155000000000001,4.481505855941963,20.0,10.775485714285715,10.256162464985994,-0.5193232492997204,1,1.0,1.0
Madhya Pradesh,Alirajpur,7.720829359009047,7.595625,1.1681607547979111,0.006128402811549276,32,7.4512917637917635,7.490454545454545,0.6381064445743795,-0.08333536413078155,11.0,7.135777777777778,7.029999999999999,0.6389006921894481,-0.24913131313137377,5.0,6.938888888888888,5.6,3.4053063167813713,9.0,7.760397435897436,7.135777777777778,-0.6246196581196575,1,1.0,1.0
Madhya Pradesh,Anuppur,8.17499286901389,7.219032258064516,0.9110882715552261,-0.042613060572079926,31,7.551958915103383,6.912727272727272,0.7930299127438474,-0.12224342556864864,11.0,7.062645047401112,6.669,0.47374277988157043,0.20611350114419277,5.0,7.759,7.17,2.886990602139554,20.0,8.194017507002801,7.062645047401112,-1.131372459601689,1,1.0,1.0
Madhya Pradesh,Ashoknagar,9.94217806786598,9.31109375,1.6966955049488401,-0.0797953780591489,32,8.565537024379129,8.138181818181819,0.611390038868092,-0.08384666210980445,11.0,8.265352882205514,7.57,0.8088352627565002,0.005252631578913352,5.0,7.426,5.7,3.8039637222244904,15.0,8.902161904761906,8.265352882205514,-0.6368090225563918,1,1.0,1.0
Madhya Pradesh,Balaghat,7.192771071490547,6.907177419354839,0.7824064088685608,-0.05010477566406711,31,6.5798341953859785,6.214545454545455,0.7560505403298856,-0.17070875740357538,11.0,5.980541997014263,5.5600000000000005,0.3361196156997682,0.12573470818454402,5.0,6.067948717948718,5.65,2.869602190921774,39.0,7.334566917045416,5.980541997014263,-1.3540249200311534,1,1.0,1.0
Madhya Pradesh,Barwani,9.584274677579366,9.0375,1.332722194527656,-0.04086862795582668,32,8.921414141414141,8.702727272727273,1.203898435167924,-0.12648989898989224,11.0,8.654888888888888,8.209999999999999,0.6387863927445203,0.37150000000003375,5.0,9.095,8.45,3.802813551712851,12.0,9.77,8.654888888888888,-1.115111111111112,1,1.0,1.0
Madhya Pradesh,Betul,8.918547585872657,8.7990625,0.8172331206560406,-0.007443023103330559,32,8.837509307748723,8.42,1.0531438163034241,-0.13142239926698276,11.0,8.278379571514296,7.537999999999999,1.0786981006194998,0.22287680630565837,5.0,8.290967741935484,8.14,4.490669107411285,31.0,9.553818324887734,8.278379571514296,-1.2754387533734377,1,1.0,1.0
Madhya Pradesh,Bhind,14.990177798997045,12.38953125,2.4088627643320426,-0.14542463004611716,32,12.714143009037747,10.183636363636364,2.057559445828723,-0.5570224880381774,11.0,10.936797660818714,8.775,1.419329333985583,-0.8849099415206012,5.0,9.402,7.075,7.583412893355544,10.0,14.111316959064329,10.936797660818714,-3.174519298245615,1,1.0,1.0
Madhya Pradesh,Bhopal,9.496817462916512,9.01140625,2.4889706730797823,-0.13972663468875188,32,7.384912106733847,6.795909090909091,0.7159131219654535,-0.09431187014272797,11.0,6.862004761904762,6.44,0.7126732744571862,0.39644312169317947,5.0,7.732037037037037,7.3,4.439787386467627,27.0,7.923263411371238,6.862004761904762,-1.0612586494664757,1,1.0,1.0
Madhya Pradesh,Burhanpur,13.2270244079603,12.07421875,1.1706811092665845,-0.021833172170781817,32,12.607330745235156,12.000454545454545,1.292751606992234,0.061564873851630036,11.0,12.647448717948716,11.206,1.3379730820451685,0.6081410256410444,5.0,12.704166666666666,10.530000000000001,7.782661917053285,12.0,12.914678921568628,12.647448717948716,-0.2672302036199117,1,1.0,1.0
Madhya Pradesh,Chhatarpur,9.202693466203785,8.91203125,1.154799062556731,0.03248266122321841,32,9.394769110852987,8.924545454545454,0.9128272118032483,-0.17063864146027072,11.0,8.893692235447453,8.16,0.2851629422764394,-0.06870229812354436,5.0,9.016129032258064,8.4,3.828140259899363,31.0,10.199972222222222,8.893692235447453,-1.3062799867747685,1,1.0,1.0
Madhya Pradesh,Chhindwara,9.21684959779568,8.331093749999999,1.1464626927133417,-0.021851166010546423,32,8.801512669316024,7.879999999999999,1.5189126675079925,-0.3144328382223254,11.0,7.713030271998013,7.01,1.0134938559242181,-0.26823522475150324,5.0,6.522962962962963,5.9,4.69039182783011,27.0,10.147139705760395,7.713030271998013,-2.434109433762382,1,1.0,1.0
Madhya Pradesh,Damoh,7.813032743557649,7.36875,1.4191236487047176,-0.09927644406741704,32,6.4054110196068885,5.654545454545454,1.201188805125044,-0.16839468501469934,11.0,5.696927919799498,4.574,0.8415589726436776,0.39170235588982466,5.0,6.6988,5.27,5.488472252518607,25.0,7.345564558629777,5.696927919799498,-1.6486366388302782,1,1.0,1.0
Madhya Pradesh,Datia,12.18357076343795,10.62734375,1.5312223881609295,-0.054972318030007454,32,11.44819214876033,10.088181818181818,1.2774903223217473,-0.1785185261707286,11.0,10.910537878787878,10.095,1.5970768322158015,-0.7624924242425996,5.0,9.15875,8.725,3.0554935888377464,8.0,11.897151515151515,10.910537878787878,-0.9866136363636375,1,1.0,1.0
Madhya Pradesh,Dewas,10.5370347563128,9.948125000000001,1.306386284908945,0.04091590211158826,32,11.091497545407,10.103181818181818,1.078525046320674,0.018449183717368228,11.0,10.904985797827901,10.040000000000001,0.806223817441507,-0.1405396825397192,5.0,10.015,9.55,5.015734243358594,6.0,10.807217892976588,10.904985797827901,0.09776790485131315,1,1.0,1.0
Madhya Pradesh,Dhar,11.276841704260638,9.66765625,1.3888257474576446,-0.06442950023966955,32,10.393061192376821,8.932272727272727,1.3321418039553585,-0.3386780045239828,11.0,9.414820042570042,8.023,1.2089865372360835,-0.695833556083715,5.0,7.60125,7.265000000000001,3.1717815793488637,32.0,11.484651422764227,9.414820042570042,-2.0698313801941843,1,1.0,1.0
Madhya Pradesh,Dindori,5.574957230344327,4.975483870967742,0.7296401268653743,-0.015182084207283248,31,5.316095394504486,4.764242424242425,0.6487229073146987,-0.11306097690185923,11.0,4.812352092352093,4.351999999999999,0.5485892065500299,0.09632034632032141,5.0,5.086363636363637,4.61,2.4354066302253217,11.0,5.826694139194139,4.812352092352093,-1.0143420468420459,1,1.0,1.0
Madhya Pradesh,Guna,10.15455257058487,9.72109375,1.1501656430307639,0.03570607356546207,32,10.00330293619424,9.396818181818182,0.6916495987457514,0.014118953510259807,11.0,10.009482815734989,9.069999999999999,0.8710628954912584,0.16928095238098329,5.0,9.622,9.4,3.468910732011804,25.0,10.18878364389234,10.009482815734989,-0.17930082815735027,1,1.0,1.0
Madhya Pradesh,Gwalior,12.617584018951367,10.86125,2.3840184517506477,0.019463567909551147,32,11.961473701973347,9.993636363636364,2.3292166890649315,-0.5863357054895908,11.0,10.17763711001642,8.085,2.27110489290597,-1.3823095238096645,5.0,8.02,7.175000000000001,2.7749851994457293,8.0,13.286605034324941,10.17763711001642,-3.108967924308521,1,1.0,1.0
Madhya Pradesh,Harda,8.897729271596459,9.2403125,0.7516701937630924,-0.019971285602838378,32,8.82605561105561,8.864545454545455,0.8937603938833755,-0.12226573426569123,11.0,8.273410256410255,8.14,0.7419518632565565,0.12730769230767716,5.0,8.836153846153847,7.3,6.023897601029776,13.0,9.442373626373627,8.273410256410255,-1.1689633699633717,1,1.0,1.0
Madhya Pradesh,Indore,11.548885847126805,11.03921875,1.5632365796326284,-0.009644994765651673,32,11.015261934598596,10.711818181818181,1.315540903008495,-0.13097471006327005,11.0,10.108842150353395,10.059999999999999,1.297396555077553,0.6461733119615326,5.0,10.521304347826087,10.8,4.543744255314939,23.0,11.794734105763517,10.108842150353395,-1.6858919554101224,1,1.0,1.0
Madhya Pradesh,Jabalpur,7.513913737198136,6.8484375,1.2989496332401522,-0.07243919634742846,32,6.3752969570170315,5.425000000000001,1.1868813390110462,-0.014767634348583332,11.0,5.94580285935792,4.945,0.600805196280641,0.11274289373952359,5.0,6.187142857142858,4.775,4.921548880814188,28.0,6.145564731793835,5.94580285935792,-0.19976187243591426,1,1.0,1.0
Madhya Pradesh,Jhabua,6.273409011994949,5.81765625,1.0339550127132329,-0.0429993635956349,32,5.603553719008264,5.163636363636363,0.652499229014305,-0.011513774104672586,11.0,5.731,5.45,0.6221374446213632,-0.10316666666674129,5.0,5.13,5.65,2.331570762859713,10.0,5.768818181818181,5.731,-0.03781818181818153,1,1.0,1.0
Madhya Pradesh,Katni,9.547810978650906,9.33953125,1.2535886745982203,0.05349185081119252,32,9.854479531476436,9.645454545454545,1.3361422044466618,-0.2554116908202926,11.0,9.174676434676435,8.61,1.6656514809502996,-0.6783760683763357,5.0,6.6,6.6,1.626345596729059,2.0,10.529178534571724,9.174676434676435,-1.3545020998952886,1,1.0,1.0
Madhya Pradesh,Khandwa (East Nimar),8.69872106743035,8.17875,1.128843512529372,-0.036958150043752094,32,8.044116492881592,7.465,0.5659370428739962,-0.027854064146086117,11.0,7.976461326979472,7.205,0.42605638942002827,-0.10736174242430693,5.0,7.4203125,6.525,3.5835461661599957,32.0,8.264043233222099,7.976461326979472,-0.28758190624262614,1,1.0,1.0
Madhya Pradesh,Khargone (West Nimar),8.122983787925557,7.6653125,1.1644488012662286,-0.04389605301620183,32,7.40718437622983,6.886363636363637,0.9004733788135975,-0.05306355765445158,11.0,7.435400865800867,6.720000000000001,0.953501150743305,-0.0791337662338932,5.0,6.223000000000001,6.5,2.3522085926120364,20.0,7.745166666666667,7.435400865800867,-0.30976580086579997,1,1.0,1.0
Madhya Pradesh,Maihar,9.70213534299369,9.422812500000001,1.485347838483155,-0.04512062637225678,32,8.870724396217817,8.493181818181817,1.0750237375030418,-0.1406715681248104,11.0,8.61079605263158,8.25,1.29127084257862,-0.42082894736862225,5.0,6.572105263157895,6.35,1.9174884584539469,19.0,9.41679761904762,8.61079605263158,-0.8060015664160396,1,1.0,1.0
Madhya Pradesh,Mandla,6.264375862420147,5.859354838709678,0.8344393586820242,-0.0489519830006405,31,5.549356233551211,5.386136363636364,0.6202575562761573,-0.08753767759551268,11.0,5.152861621566673,4.963,0.4071416292073339,0.13051320099747157,5.0,5.37764705882353,4.915,2.366223251875942,34.0,6.03009709224599,5.152861621566673,-0.8772354706793166,1,1.0,1.0
Madhya Pradesh,Mandsaur,11.425644361063343,10.5534375,0.7573409089663518,-0.023581099911856734,32,11.100099636548835,9.688636363636364,0.5789919608589462,-0.08283080306502998,11.0,10.9085670995671,9.690000000000001,0.5847319262473907,-0.0410995670995178,5.0,10.845454545454546,8.75,6.31527228781658,22.0,11.404005042016808,10.9085670995671,-0.4954379424497084,1,1.0,1.0
Madhya Pradesh,Mauganj,10.016503928796897,9.70359375,1.8549633413335256,-0.040118431282083526,32,8.9491753902663,8.754545454545454,1.5715880308872718,-0.2387180899907388,11.0,8.51929696969697,8.338,1.1168602384567579,-0.5559555555557236,5.0,6.948,7.04,1.7201279022212272,10.0,10.035555555555556,8.51929696969697,-1.5162585858585853,1,1.0,1.0
Madhya Pradesh,Morena,14.86475417681277,13.264375,2.793033228552328,0.11167447622986305,32,15.37844821844822,14.042727272727273,2.763315904235206,-0.5034740259739313,11.0,13.971805860805862,13.251999999999999,2.243762531045523,-0.8936153846157265,5.0,10.165714285714285,8.11,7.169871819269987,7.0,16.25616483516483,13.971805860805862,-2.2843589743589696,1,1.0,1.0
Madhya Pradesh,Narmadapuram,8.26933364521467,7.5425,0.8411273468115504,0.030488213010044663,32,8.4788588847513,8.091818181818182,0.8374761942663935,-0.06158419903966546,11.0,8.094932528909,7.95,0.9362098620421788,-0.14666928104585852,5.0,6.896,7.0,3.297407639776608,15.0,8.743820175438596,8.094932528909,-0.6488876465295963,1,1.0,1.0
Madhya Pradesh,Narsimhapur,10.372080928099141,8.996875,1.4958254597136056,-0.09574520887772023,32,8.943172713079834,7.760909090909092,1.2773533299308673,-0.21076873522070902,11.0,8.571963800904978,7.220000000000001,1.2052787475275863,-0.3694509803923467,5.0,6.9,6.9,1.6374573785801776,10.0,9.783016167870658,8.571963800904978,-1.2110523669656796,1,1.0,1.0
Madhya Pradesh,Neemuch,10.631995124487194,10.0434375,1.3464540419109452,0.007557020527331059,32,10.765035758778037,9.455454545454545,1.3062916409808387,-0.06067865798513332,11.0,10.649695425104909,9.636,1.5550404538013203,0.244444387429411,5.0,10.314285714285713,10.38,4.522937730533742,21.0,11.24204991087344,10.649695425104909,-0.5923544857685314,1,1.0,1.0
Madhya Pradesh,Niwari,9.048284598214286,8.6684375,1.9567692695570378,0.04149302428082558,32,9.16057683982684,8.315,2.038663781586535,-0.3382094155843207,11.0,8.2469,7.209999999999999,1.1288937837546977,-0.5068500000001459,5.0,6.322,5.55,2.5606581185312494,5.0,10.663035714285716,8.2469,-2.4161357142857156,1,1.0,1.0
Madhya Pradesh,Pandhurna,9.194624053030303,8.371796875,1.6119207482047315,-0.05628053865123274,32,8.499293388429752,7.491818181818181,1.428013018592912,-0.3384754714981305,11.0,7.562195454545455,7.1450000000000005,0.6670765357307197,-0.14545606060613417,5.0,7.394499999999999,5.525,3.498312648819269,10.0,9.73425,7.562195454545455,-2.172054545454545,1,1.0,1.0
Madhya Pradesh,Panna,8.77640576250905,8.09828125,1.1408902229029179,0.01809050778349889,32,8.7462687699897,8.13090909090909,1.0737918699641964,-0.1499104738499533,11.0,8.432013516199563,7.7700000000000005,1.3104096860669212,-0.6578873385014858,5.0,6.427674418604651,6.1,3.222785572118291,43.0,9.276444444444445,8.432013516199563,-0.8444309282448828,1,1.0,1.0
Madhya Pradesh,Raisen,9.063228695147675,8.7359375,1.119594183838247,-0.045845643226715055,32,8.3358293893348,7.742727272727273,1.1464820261011295,-0.2105024655302788,11.0,7.512045066045066,7.2170000000000005,0.6528005874648173,-0.10987551337560997,5.0,6.807777777777777,6.6850000000000005,2.0594446868757252,18.0,9.298631442343344,7.512045066045066,-1.7865863762982785,1,1.0,1.0
Madhya Pradesh,Rajgarh,10.559767103967687,10.58578125,0.915588389145258,-0.026664426818135287,32,10.068706031364096,10.316363636363635,0.9057637172853842,-0.12519865712539094,11.0,9.695556630824374,9.949,0.34621470947312694,-0.05948279569895537,5.0,9.179166666666667,9.545,3.2159168233169146,24.0,10.769763304843305,9.695556630824374,-1.0742066740189316,1,1.0,1.0
Madhya Pradesh,Ratlam,13.514245358110559,12.08375,2.089956362260972,0.08805462793092637,32,14.58544348900877,12.77727272727273,1.610469340091498,-0.3975864987148456,11.0,13.43801793195911,12.27,1.4525162029589045,-0.5343123847831304,5.0,10.982962962962963,10.95,4.272409529865224,27.0,15.894573128475566,13.43801793195911,-2.4565551965164563,1,1.0,1.0
Madhya Pradesh,Rewa,10.916677711749067,10.414375,1.1418747502711273,-0.04401151354735601,32,10.2118854443437,9.674090909090909,1.3162083205153483,-0.23953613795649292,11.0,9.609239851262142,9.01,0.9852745063750112,-0.3784601929660692,5.0,8.765925925925925,8.7,3.0790111540248906,27.0,11.137860507246376,9.609239851262142,-1.5286206559842341,1,1.0,1.0
Madhya Pradesh,Sagar,9.809386102240872,9.253125,1.1881268598416483,-0.02242406930510169,32,9.290197088431475,8.722272727272726,1.0558353888194325,-0.2903167911257697,11.0,8.453450220586868,7.6579999999999995,0.7761934667427971,-0.44427824142738365,5.0,7.799565217391305,6.640000000000001,4.801369691856105,46.0,10.224983373962377,8.453450220586868,-1.7715331533755094,1,1.0,1.0
Madhya Pradesh,Satna,9.391033933982158,9.06390625,1.3405319391597081,-0.012193571435254938,32,8.751464621063366,8.273636363636363,1.0831240128513586,-0.2161358453458163,11.0,7.93116141100279,7.590000000000001,0.7791966400662209,-0.168031981811388,5.0,6.726285714285715,6.6,3.030330098223902,35.0,9.60039408866995,7.93116141100279,-1.6692326776671589,1,1.0,1.0
Madhya Pradesh,Sehore,10.56685794263892,9.74046875,1.2478295229828396,0.05836486920738716,32,10.886677001522852,10.13090909090909,0.8940968948166149,0.0940003251031069,11.0,11.133846376811594,9.903,0.9905807189969741,0.1467449275363335,5.0,12.433,10.315,5.925489290626837,10.0,10.81771259175607,11.133846376811594,0.3161337850555235,1,1.0,1.0
Madhya Pradesh,Seoni,7.536701915413043,6.987109375,1.149461177028966,-0.029336402625288954,32,6.983708096484984,5.980909090909091,1.5262346839563221,0.007789567338888716,11.0,6.998646727699359,5.505000000000001,2.1673514284362385,0.33811773717030064,5.0,7.070526315789474,5.425000000000001,8.04641533327139,38.0,7.329100828157349,6.998646727699359,-0.33045410045798995,1,1.0,1.0
Madhya Pradesh,Shahdol,8.041192703389097,7.63016129032258,0.8611692494279124,0.003373811123687497,31,7.984074163309458,7.727727272727273,1.111802956190176,-0.21377106912691896,11.0,7.322846757164404,7.258,0.6362144224967968,0.31573619909506034,5.0,8.24,9.69,3.247599113191159,3.0,8.892857142857142,7.322846757164404,-1.570010385692738,1,1.0,1.0
Madhya Pradesh,Shajapur,11.881741499359673,10.642421875,1.8844604450762812,0.01637359996741995,32,11.711745568748443,9.926363636363636,2.8770644742480345,0.5993268833879873,11.0,13.153984030589294,9.950999999999999,3.9373197020929265,2.2649331983811027,5.0,18.64096153846154,9.955,28.152612668071527,26.0,10.401856220657276,13.153984030589294,2.752127809932018,1,1.0,1.0
Madhya Pradesh,Sheopur,11.978178116668817,10.1965625,2.0847354839259586,0.006704103912071443,32,11.42889370485036,9.926363636363636,1.4294102683844803,-0.26839240547885773,11.0,10.511068937048503,9.59,1.1435470166020894,-0.1895807017543808,5.0,10.176,9.15,6.213598911144123,15.0,12.357760371517028,10.511068937048503,-1.846691434468525,1,1.0,1.0
Madhya Pradesh,Shivpuri,9.896703105273412,9.58953125,1.296044269723265,-0.020620670934115716,32,9.459576896354152,9.115,1.2721026755601244,-0.2636032452696269,11.0,8.615870588235294,8.375,0.8495033336028668,-0.05003137254902119,5.0,7.770333333333334,7.825,2.850229855623061,30.0,10.319069551485779,8.615870588235294,-1.7031989632504843,1,1.0,1.0
Madhya Pradesh,Sidhi,10.421919530689072,9.635,1.0882413468811358,-0.0648595577359588,31,9.599104108225491,9.202272727272726,0.7080043325308853,-0.13431148880440638,11.0,9.173843156843157,8.98,0.5359432563797503,-0.32230186480191253,5.0,8.465384615384615,8.45,2.4857413896884477,13.0,10.108098924731184,9.173843156843157,-0.9342557678880272,1,1.0,1.0
Madhya Pradesh,Singrauli,9.432422653922917,9.148225806451611,0.7384572898495957,-0.04586352678314164,31,8.848240867319815,8.522727272727273,0.454217219211668,-0.04795053922682861,11.0,8.72961403508772,8.6,0.43420713094543384,-0.15666666666673348,5.0,8.020000000000001,8.9,1.5764517119150852,3.0,9.039015873015874,8.72961403508772,-0.3094018379281547,1,1.0,1.0
Madhya Pradesh,Tikamgarh,7.954760210097296,7.59484375,1.1039648269217974,-0.00653328686152201,32,7.734981951871657,7.195909090909091,1.0082185311958958,-0.1817053698751674,11.0,7.085283333333334,6.7,0.589286779364117,-0.1596333333333308,5.0,7.026,7.1,2.5383819368138547,15.0,8.510010294117645,7.085283333333334,-1.4247269607843114,1,1.0,1.0
Madhya Pradesh,Ujjain,10.928501565979895,10.5078125,1.4445966973040858,-0.036595315708543644,32,10.205800197731039,9.524090909090908,0.7353881674475568,-0.1475205846061357,11.0,9.760998652161355,9.186000000000002,0.607419893824356,-0.19870856733309525,5.0,9.689117647058824,9.530000000000001,3.2848111127347663,34.0,10.814520403536584,9.760998652161355,-1.0535217513752286,1,1.0,1.0
Madhya Pradesh,Umaria,8.018436090896243,7.708387096774194,0.6898125253745728,0.029197152423964902,31,8.41594032764621,8.335454545454546,0.633954879010377,-0.15197108904164486,11.0,8.029222222222222,8.015,0.39553732377917833,-0.2431904761905162,5.0,7.475,7.475,0.5303300858899106,2.0,8.871560784313726,8.029222222222222,-0.8423385620915038,1,1.0,1.0
Madhya Pradesh,Vidisha,9.573119388397012,9.56578125,1.1621138296020925,-0.037907912140257224,32,8.75524869515426,8.514090909090909,0.8491110632078848,-0.21118551924675544,11.0,8.003950917218159,7.859999999999999,0.4678466251411815,-0.28111026936029554,5.0,7.58125,7.949999999999999,2.5777852180573118,24.0,9.500929545454545,8.003950917218159,-1.496978628236386,1,1.0,1.0
Maharashtra,Ahmednagar,9.053008956921039,8.584838709677419,1.5405912070070877,0.0018575239188782444,31,9.077030886219944,8.315000000000001,2.305871952943634,-0.38847141880158703,10.0,7.911913915272124,7.0375,1.0894777188814129,-0.8008960249259377,4.0,6.47962962962963,5.45,4.435000125266188,81.0,10.82453064022219,7.911913915272124,-2.912616724950065,1,0.9090909090909091,0.8
Maharashtra,Akola,12.70872277956632,11.431833333333334,1.7503884279816422,-0.04781187589099498,30,12.262399203446618,10.441666666666666,2.5038989525184854,-0.4265817423062054,9.0,10.28681162766831,8.36875,1.6016730438230142,-1.2296205870279386,4.0,8.607857142857144,7.175,4.964518817564003,28.0,13.842869264069265,10.28681162766831,-3.556057636400954,1,0.8181818181818182,0.8
Maharashtra,Amravati,9.769141171765428,8.803225806451612,1.1295653227566191,-0.010897516491726815,31,9.804653574799625,8.18,1.595870987731549,-0.21134865413250353,10.0,8.448106713609706,7.0375,0.5878687555046139,-0.2499866734626896,4.0,8.227052631578948,7.05,5.392244800318524,95.0,10.550821778711484,8.448106713609706,-2.102715065101778,1,0.9090909090909091,0.8
Maharashtra,Beed,9.360409389516063,8.514666666666667,1.3801046342054946,0.006948645189635724,30,9.781863775587452,9.192222222222222,1.8525289378716823,-0.24039084698804886,9.0,8.60521672647839,8.1125,1.245424563008014,-0.1507784677797713,4.0,7.488615384615384,6.7,4.4960527399469665,65.0,10.7231814148747,8.60521672647839,-2.1179646883963095,1,0.8181818181818182,0.8
Maharashtra,Bhandara,8.46015924835019,7.98859375,1.1123462371002681,-0.014037338553165895,32,8.400400335421132,7.53,1.558859060952467,-0.35951830119745065,11.0,7.270795611681825,6.25,1.26936243800619,-0.6230895875592266,5.0,6.393620689655172,5.8,3.33850664234553,29.0,9.707585126244666,7.270795611681825,-2.4367895145628413,1,1.0,1.0
Maharashtra,Buldhana,9.4879410135331,8.701935483870967,1.7742440075565162,0.031467739931944114,31,10.061853293864022,8.936499999999999,2.800835426641026,-0.44222258374507695,10.0,8.880218140307182,7.824999999999999,1.0821227568705631,-0.5121430469075419,4.0,7.376,6.6,4.092819941368514,70.0,12.099532075482298,8.880218140307182,-3.2193139351751157,1,0.9090909090909091,0.8
Maharashtra,Chandrapur,7.582951509812612,7.250645161290323,0.8885650720754786,-0.032761757253655564,31,7.137853992173071,6.825,1.1074462992150782,-0.12179310377608185,10.0,6.73019597051873,6.3,0.3867849817156837,-0.06154821860162925,4.0,6.933770491803278,6.8,2.3740157005479317,61.0,7.86488454126449,6.73019597051873,-1.1346885707457597,1,0.9090909090909091,0.8
Maharashtra,Chhatrapati Sambhajinagar,10.317077368007597,9.998125,2.3414618890419105,-0.01603375579569458,32,9.97050954282149,9.61,3.332607868279408,-0.48508549072919144,11.0,8.250064322116216,7.83,3.0118718217711637,1.3444151663938915,5.0,8.374255319148936,7.8,3.957205725102792,47.0,12.645056672091066,8.250064322116216,-4.394992349974849,1,1.0,1.0
Maharashtra,Dharashiv,9.602429582300987,8.635333333333334,1.7576148537806395,-0.10093723876631648,30,8.650514271685584,8.07888888888889,1.84833643657786,-0.35640181079179595,9.0,7.263825802250725,6.6625,1.6512918528322387,-1.071782470883228,4.0,4.864705882352942,3.7,3.2747780265225077,34.0,9.759865047233468,7.263825802250725,-2.496039244982743,1,0.8181818181818182,0.8
Maharashtra,Dhule,8.32355520076134,7.827903225806451,1.06844199739367,-0.03462980124210362,31,8.221014828403728,7.797500000000001,1.4315715261123574,-0.08749554130666934,10.0,7.918046505202577,7.268750000000001,1.4821336169338932,-0.15445195696152045,4.0,6.813235294117647,6.275,4.97075247068059,34.0,8.907592452645394,7.918046505202577,-0.9895459474428172,1,0.9090909090909091,0.8
Maharashtra,Gadchiroli,7.963168154176158,7.7905,0.6503078774645775,-0.01590725101030126,30,7.691241052217318,7.51111111111111,0.4720313413381729,-0.016283105125923264,9.0,7.550869118247167,7.3,0.4574515814636289,0.12545641460280194,4.0,8.124324324324325,8.1,2.370349881042577,37.0,7.8035385993934385,7.550869118247167,-0.2526694811462713,1,0.8181818181818182,0.8
Maharashtra,Gondia,7.997353142183233,7.5455000000000005,0.8191581970926931,-0.0001948222054059009,30,8.082377461787184,7.367777777777778,0.911515636236664,-0.16924117940827438,9.0,7.354940476190476,6.4875,0.7920273882807636,-0.4304999999999785,4.0,6.920952380952381,6.45,2.7712973582095173,21.0,8.66432705026455,7.354940476190476,-1.3093865740740736,1,0.8181818181818182,0.8
Maharashtra,Hingoli,8.983137935024915,8.95,1.6378384813750986,0.06230595024188525,30,9.910103227572082,9.649444444444445,1.740134681565314,-0.3223405182142811,9.0,8.544456340378197,8.0775,1.2471110923513737,-0.8724461306213246,4.0,7.420714285714285,8.11,3.430678508175172,28.0,11.002620737327188,8.544456340378197,-2.458164396948991,1,0.8181818181818182,0.8
Maharashtra,Jalgaon,11.345632823397247,8.353064516129033,1.378923252247926,0.04746185996720954,31,12.291060761652643,9.3925,1.9709434807392736,-0.09622524462127723,10.0,11.725594584714152,8.2875,1.0619335499856597,0.05117038013587341,4.0,10.799561403508772,7.25,10.133663061121622,57.0,13.201645855533965,11.725594584714152,-1.4760512708198128,1,0.9090909090909091,0.8
Maharashtra,Jalna,10.082020531888576,9.829166666666667,1.6159934572539458,0.0044419542516568634,30,10.308322339302892,9.733333333333333,2.423964020624304,-0.5521419095168209,9.0,8.252757025996006,7.862500000000001,1.4241626381456505,-0.283224688415201,4.0,6.6814,5.65,4.649592042670551,50.0,11.9527745899484,8.252757025996006,-3.700017563952393,1,0.8181818181818182,0.8
Maharashtra,Kolhapur,5.945862511397303,5.866935483870968,1.1282625425299961,-0.08491342380095562,31,4.934650478021446,4.9079999999999995,1.2467290738782464,-0.07333284538562189,10.0,4.552665598290599,4.72,0.4018474248301347,-0.13271153846158157,4.0,4.0110256410256415,3.53,3.2160565873456655,39.0,4.920501810743747,4.552665598290599,-0.367836212453148,1,0.9090909090909091,0.8
Maharashtra,Latur,10.59614334035422,10.109333333333332,1.386699091106654,-0.06143491725762657,30,9.934875204744058,9.378888888888888,1.9339100000682365,-0.4374061780308012,9.0,8.151909828149194,7.625,0.9515008465469937,-0.3910963192348144,4.0,6.819999999999999,6.8,3.442963839484812,35.0,11.361247506019952,8.151909828149194,-3.2093376778707583,1,0.8181818181818182,0.8
Maharashtra,Mumbai,3.4321111111111113,3.3995,0.8241607752114817,0.02693461661334638,30,3.827592592592593,3.511111111111111,0.8773314617789337,-0.033741496598639384,9.0,3.7579166666666666,3.01875,1.2108975665458526,-0.6718333333334005,4.0,2.235,2.075,1.2217487466742087,6.0,3.8833333333333337,3.7579166666666666,-0.12541666666666718,1,0.8181818181818182,0.8
Maharashtra,Mumbai Suburban,5.857048849593819,5.712999999999999,2.8343982154650114,0.07452326340492028,30,6.205348017164581,5.7188888888888885,3.5724947956151105,-0.6872282303812012,9.0,4.151170293522267,3.29,1.1263891441503537,-0.5771128542511245,4.0,2.4842105263157896,1.71,2.130332044513963,19.0,7.848690196078431,4.151170293522267,-3.697519902556164,1,0.8181818181818182,0.8
Maharashtra,Nagpur,7.423315524883419,6.745,0.7554076409620794,-0.015200157481198195,31,7.23259730579592,6.6305000000000005,0.6574928846249417,-0.10730472433548413,10.0,6.656816033724345,6.15,0.40616606333741273,-0.21221874231316043,4.0,6.409840764331211,5.8,3.7955072302312725,157.0,7.526408451279032,6.656816033724345,-0.8695924175546867,1,0.9090909090909091,0.8
Maharashtra,Nanded,8.78184155492689,8.050333333333333,1.3370318181801302,-0.0049818413834375646,30,8.971041390963762,8.363333333333333,1.2762325266076535,-0.28384375462415606,9.0,7.846340811965813,7.3237499999999995,1.033398156332528,-0.30361324786323063,4.0,7.424807692307693,7.145,3.7527764834641597,52.0,9.87080185416212,7.846340811965813,-2.0244610421963074,1,0.8181818181818182,0.8
Maharashtra,Nandurbar,10.430464821338505,9.157833333333334,1.3805779012015735,0.020775872603999945,30,10.646164271076552,9.041111111111112,0.7673512081165443,0.1096377859221553,9.0,11.021528340080971,8.975,0.7288599822037048,-0.3267813765182682,4.0,10.108421052631579,7.3,8.854466081624757,19.0,10.345873015873016,11.021528340080971,0.6756553242079555,1,0.8181818181818182,0.8
Maharashtra,Nashik,7.9996353671638545,7.229516129032258,1.114280495582328,0.02980187756152289,31,8.611722307270298,7.665000000000001,1.501467083574574,-0.23919128721508698,10.0,7.499362179487179,6.612500000000001,1.169253999688916,-0.42817991453001825,4.0,5.9804615384615385,5.0,4.068883611772871,65.0,9.543954870950854,7.499362179487179,-2.0445926914636745,1,0.9090909090909091,0.8
Maharashtra,Palghar,4.90461867568456,4.709666666666666,0.8804815632894208,0.007909879720084464,30,5.282492296783425,5.084444444444444,0.6061710133164574,-0.10196752455038968,9.0,4.841500626566416,4.8999999999999995,0.5219369209231537,-0.3197330827068119,4.0,4.061190476190476,4.3,2.0892748215366703,42.0,5.635285632957032,4.841500626566416,-0.7937850063906158,1,0.8181818181818182,0.8
Maharashtra,Parbhani,9.761646626311505,9.065166666666666,1.8865152526092932,0.08555821851985682,30,10.714360664212018,9.988888888888889,2.220129476731082,-0.4140246676305046,9.0,8.99519857738038,8.84375,1.2823524297062918,-0.2511782899794922,4.0,8.345326086956522,8.075,4.537648730610981,46.0,12.08969033367733,8.99519857738038,-3.09449175629695,1,0.8181818181818182,0.8
Maharashtra,Pune,6.493264937144795,6.095166666666667,0.9548547962258281,-0.015705607031283313,30,6.34990714981841,5.926111111111111,1.4199672872994853,-0.2614999762892935,9.0,5.380449877250409,5.0875,1.5682077510394266,-0.9336860065467837,4.0,3.0345,2.5,2.795990122069795,60.0,7.125472967872812,5.380449877250409,-1.7450230906224036,1,0.8181818181818182,0.8
Maharashtra,Raigad,3.779574514369258,3.502666666666667,0.574120018614123,0.004236852448893591,30,3.7217352369905856,3.411111111111111,0.4596821813247462,-0.044869860168580716,9.0,3.5019240764955866,3.0,0.6084472021276139,-0.047264040536076926,4.0,3.9184782608695654,3.4,2.1315752833071127,46.0,3.897584165386585,3.5019240764955866,-0.39566008889099846,1,0.8181818181818182,0.8
Maharashtra,Ratnagiri,7.641138586336952,6.242,1.3769087369851243,-0.05810634779838031,30,7.209021464563294,6.209444444444444,1.2929001469593815,-0.2657819988701178,9.0,6.273420936394578,5.1925,1.2872018877376021,-0.7616355276105206,4.0,4.342890625,2.92,4.903211435852285,64.0,7.957501887098269,6.273420936394578,-1.6840809507036916,1,0.8181818181818182,0.8
Maharashtra,Sangli,7.214784005212009,6.62,1.4615687922342997,-0.06524367572969586,31,6.252599929341106,5.5649999999999995,1.445684200404274,-0.2569716296329288,10.0,5.060532051282052,4.5,1.1004767128668058,-0.29543846153858544,4.0,3.6986666666666665,3.1500000000000004,3.3973952835435086,30.0,6.93177421765657,5.060532051282052,-1.8712421663745182,1,0.9090909090909091,0.8
Maharashtra,Satara,6.882110621516462,6.121774193548387,1.442708989672036,-0.06041618499832262,31,6.154762262634844,5.6674999999999995,2.2472305900006293,-0.25758461970631785,10.0,5.696295815295815,4.737500000000001,1.2042087399359958,-0.6907595959596913,4.0,3.9725714285714284,2.45,3.8732903954383486,35.0,7.492487873033037,5.696295815295815,-1.7961920577372217,1,0.9090909090909091,0.8
Maharashtra,Sindhudurg,7.374488827714397,6.8175,1.2372479928780642,-0.012559316720340212,30,7.296560709204338,6.6755555555555555,1.5220629842408238,-0.29685890619063215,9.0,6.224764806994276,5.645,1.7912480402258495,-0.9114695832753404,4.0,3.57875,2.83,2.90444803862815,56.0,8.153997430972389,6.224764806994276,-1.9292326239781126,1,0.8181818181818182,0.8
Maharashtra,Solapur,7.993842138406914,7.482241379310345,1.338741856055382,-0.01420067783620729,29,7.968501890872324,7.620555555555557,1.7767987962952183,-0.27167887847120453,9.0,6.708587070676897,6.3375,1.4519885085711302,-0.460813435264425,4.0,4.7957446808510635,4.6,2.4933788361080484,47.0,8.976433747028665,6.708587070676897,-2.267846676351768,1,0.8181818181818182,0.8
Maharashtra,Thane,4.225299137661444,4.195333333333333,1.1910133636153672,0.02820854749440616,30,4.7931309144072305,4.422222222222222,1.0826164422064881,-0.18039680084953005,9.0,4.0710303030303026,3.7512499999999998,1.2128506381000757,-0.7593454545455579,4.0,2.2566666666666664,1.705,2.364330343038911,24.0,5.370811403508772,4.0710303030303026,-1.2997811004784694,1,0.8181818181818182,0.8
Maharashtra,Wardha,8.015188552662908,7.742,0.8789834833746891,-0.005904326926165091,30,7.9682500734565895,7.513333333333334,1.014434104124186,-0.2170338130403161,9.0,7.074805892037398,6.45,0.3098815670233228,-0.19415102026104053,4.0,6.611086956521739,5.75,3.22275376283339,69.0,8.683005418591943,7.074805892037398,-1.6081995265545448,1,0.8181818181818182,0.8
Maharashtra,Washim,8.602696991633847,8.4025,1.21976791944628,0.017135861070991167,30,8.974246245423522,8.634444444444446,1.674781917875841,-0.2725892885148124,9.0,7.631309172083045,7.6125,0.6742753108976003,-0.5137295551208637,4.0,6.8214,7.05,2.639539237775242,50.0,10.048595904095905,7.631309172083045,-2.41728673201286,1,0.8181818181818182,0.8
Maharashtra,Yavatmal,7.590873533849941,7.282,0.9654166713101375,-0.01843634741252402,30,7.470028438747333,6.966666666666666,1.2984873806962187,-0.27092467739325743,9.0,6.267546373882861,5.8625,0.49109896809467285,-0.05336514654208087,4.0,6.009111111111111,5.8,2.6112800444727626,90.0,8.432014090638912,6.267546373882861,-2.164467716756051,1,0.8181818181818182,0.8
Manipur,Jiribam,3.9875,3.9875,1.5366173424580556,0.18561181434598925,8,,,,,,,,,,,,,,,,,,0,,
Manipur,Kangpokpi,2.5075000000000003,2.5075000000000003,0.5550788232314399,-0.7849999999997348,2,2.5075000000000003,2.5075000000000003,0.5550788232314399,-0.7849999999997348,2.0,2.5075000000000003,2.5075000000000003,0.5550788232314399,-0.7849999999997348,2.0,2.115,2.115,0.06363961030678934,2.0,,2.5075000000000003,,1,0.18181818181818182,0.4
Manipur,Senapati,3.09,3.09,0.33941125496954294,0.479999999999837,2,3.09,3.09,0.33941125496954294,0.479999999999837,2.0,3.09,3.09,0.33941125496954294,0.479999999999837,2.0,3.33,3.33,0.4666904755831215,2.0,,3.09,,1,0.18181818181818182,0.4
Meghalaya,East Garo Hills,3.048767094017094,2.941346153846154,0.7137625967008867,0.028658863029088388,26,3.458767676767677,3.3763636363636365,0.5273938450427738,-0.09113030303028172,11.0,3.137222222222222,3.127,0.563798843385182,-0.29388888888897197,5.0,2.1783333333333332,2.135,1.078440231692667,12.0,3.7165111111111115,3.137222222222222,-0.5792888888888896,1,1.0,1.0
Meghalaya,East Jaintia Hills,2.05,2.05,,,1,,,,,,,,,,,,,,,,,,0,,
Meghalaya,East Khasi Hills,2.930239523809524,2.2474000000000003,0.9178908773132843,0.05390616192087711,25,3.1630746753246752,2.6986363636363637,0.397597320980792,0.031574783549776754,11.0,3.1995357142857146,2.538,0.4295579716643706,0.016857142857167978,5.0,3.58875,2.84,2.692531668470082,8.0,3.0442285714285715,3.1995357142857146,0.1553071428571431,1,1.0,1.0
Meghalaya,Eastern West Khasi Hills,1.1192,1.1192,0.3240135028050528,-0.009918604651162777,25,0.99,0.99,0.147648230602334,0.028909090909093823,10.0,1.08,1.08,0.14832396974191336,0.08000000000002096,5.0,1.3,1.3,0.0,1.0,0.9,1.08,0.18000000000000005,1,0.9090909090909091,1.0
Meghalaya,North Garo Hills,3.1201834215167548,3.129259259259259,0.7599538223395934,0.059776867431601155,27,3.7296017316017314,3.6822727272727276,0.4458298549156581,-0.026535497835482695,11.0,3.5375238095238095,3.38,0.3789544932264398,-0.12580952380954616,5.0,3.5614285714285714,3.75,1.9573828493801662,7.0,3.754266666666666,3.5375238095238095,-0.21674285714285668,1,1.0,1.0
Meghalaya,Ri Bhoi,3.7367490842490843,3.5378846153846153,0.7790201683145639,-0.0036462878133287934,26,3.511861471861472,3.161818181818182,0.41388147791023877,-0.04451298701298065,11.0,3.416095238095238,3.35,0.19979763004230464,0.03571428571427714,5.0,3.4299999999999997,3.25,1.9577878672964881,7.0,3.7399999999999998,3.416095238095238,-0.3239047619047617,1,1.0,1.0
Meghalaya,South Garo Hills,3.178122222222222,3.1559999999999997,1.4884073963019184,-0.03202717744028935,10,2.6953055555555556,2.67,0.4648761981749868,-0.32918888888889447,4.0,2.6953055555555556,2.67,0.4648761981749868,-0.32918888888889447,4.0,2.2190000000000003,2.18,0.9329338430754646,10.0,,2.6953055555555556,,1,0.36363636363636365,0.8
Meghalaya,South West Garo Hills,3.187448717948718,3.039423076923077,0.8132593761036591,0.003890437076860661,26,3.4174166666666665,3.3055,1.0213819349776876,-0.2598838383838419,10.0,2.8296666666666668,2.832,0.6126653971695226,-0.2636666666667489,5.0,2.0900000000000003,2.56,1.099290680393498,6.0,4.262708333333333,2.8296666666666668,-1.4330416666666665,1,0.9090909090909091,1.0
Meghalaya,West Garo Hills,4.242116233560678,3.9268518518518523,0.6161279331399221,-0.0037964109209301356,27,4.298164088436816,3.9159090909090906,0.5104294831515308,-0.09134401003035074,11.0,4.011884615384615,3.686,0.4715834462166396,-0.13763461538468644,5.0,3.495,3.48,0.8630334099365252,16.0,4.63484560994561,4.011884615384615,-0.6229609945609953,1,1.0,1.0
Meghalaya,West Jaintia Hills,1.9078846153846152,1.9078846153846152,1.3819805881971887,-0.10670942571785001,26,0.8009090909090909,0.8009090909090909,0.2135394364258998,-0.016590909090908195,11.0,0.807,0.807,0.10365809182114057,0.05200000000000405,5.0,0.935,0.935,0.5161879502661798,2.0,0.8949999999999999,0.807,-0.08799999999999986,1,1.0,1.0
Meghalaya,West Khasi Hills,3.649,3.649,0.5659107703516516,-0.18503424657537887,5,3.649,3.649,0.5659107703516516,-0.18503424657537887,5.0,3.4562500000000003,3.4562500000000003,0.4234653665492217,-0.23250000000004076,4.0,2.825,2.825,0.9121677477306463,2.0,4.42,3.4562500000000003,-0.9637499999999997,1,0.45454545454545453,0.8
Mizoram,Champhai,3.43,3.43,,,1,3.43,3.43,,,1.0,3.43,3.43,,,1.0,3.43,3.43,0.0,1.0,,3.43,,1,0.09090909090909091,0.2
Mizoram,Kolasib,1.4949999999999999,1.4949999999999999,1.5485638507985389,2.18999999999926,2,1.4949999999999999,1.4949999999999999,1.5485638507985389,2.18999999999926,2.0,1.4949999999999999,1.4949999999999999,1.5485638507985389,2.18999999999926,2.0,2.59,2.59,2.983990616607231,2.0,,1.4949999999999999,,1,0.18181818181818182,0.4
Mizoram,Lawngtlai,3.72,2.93,,,1,3.72,2.93,,,1.0,3.72,2.93,,,1.0,3.72,2.93,2.1374517538414755,3.0,,3.72,,1,0.09090909090909091,0.2
Mizoram,Mamit,5.2,5.2,,,1,5.2,5.2,,,1.0,5.2,5.2,,,1.0,5.2,5.2,0.0,1.0,,5.2,,1,0.09090909090909091,0.2
Mizoram,Serchhip,0.7749999999999999,0.7749999999999999,1.0960155108391485,1.5499999999994756,2,0.7749999999999999,0.7749999999999999,1.0960155108391485,1.5499999999994756,2.0,0.7749999999999999,0.7749999999999999,1.0960155108391485,1.5499999999994756,2.0,1.5499999999999998,1.5499999999999998,1.0323759005323594,2.0,,0.7749999999999999,,1,0.18181818181818182,0.4
Nagaland,Dimapur,7.85469961982462,6.476785714285714,1.9770408427995412,0.1014724101110614,14,8.290112807308885,6.953888888888889,2.0504980041887966,-0.18052846535180475,9.0,7.278738859180036,6.6475,0.8256716743691486,-0.46280748663097176,4.0,7.125151515151515,7.04,3.5286303302522013,33.0,8.074014957264957,7.278738859180036,-0.795276098084921,1,0.8181818181818182,0.8
Nagaland,Kohima,5.001805555555555,4.953125,0.4686255890161952,0.02596782617779201,8,5.198611111111111,5.10125,0.44708693605948896,0.01888888888889372,4.0,5.297222222222222,5.1025,0.34491097437877144,0.4877777777776125,2.0,5.54111111111111,5.105,3.840269428184141,18.0,5.1,5.297222222222222,0.19722222222222197,1,0.36363636363636365,0.4
Nagaland,Mokokchung,3.1321604938271603,2.9016666666666664,0.6422618959081475,-0.0018370764381395908,9,3.064861111111111,2.54625,1.0353859914227967,-0.012594850948507262,4.0,2.959722222222222,1.9225,1.7108055733707856,2.4194444444436267,2.0,4.169444444444444,2.995,2.9832384145268205,18.0,3.17,2.959722222222222,-0.21027777777777779,1,0.36363636363636365,0.4
Nagaland,Mon,3.077083333333333,3.0041666666666664,1.4170366940994301,0.06810310743188873,12,3.58625,3.3675,1.4764223368219094,-0.24920731707317778,4.0,2.5175,2.08,0.3288046532517445,-0.464999999999843,2.0,2.285,1.41,1.7335849176393598,10.0,4.655,2.5175,-2.1375,1,0.36363636363636365,0.4
Nagaland,Peren,8.137916666666667,7.9025,1.7014185841269918,-0.2827360066833535,8,7.285833333333334,6.8149999999999995,2.1685485417158117,-0.3766260162601773,4.0,5.586666666666667,4.645,0.9003826347108705,1.2733333333329022,2.0,6.223333333333334,5.1899999999999995,2.9547295420506203,6.0,8.985,5.586666666666667,-3.3983333333333325,1,0.36363636363636365,0.4
Nagaland,Phek,3.519285714285714,2.95,0.2272843225242477,-0.3214285714284628,2,3.519285714285714,2.95,0.2272843225242477,-0.3214285714284628,2.0,3.519285714285714,2.95,0.2272843225242477,-0.3214285714284628,2.0,3.358571428571428,3.0,2.124016859407575,7.0,,3.519285714285714,,1,0.18181818181818182,0.4
Nagaland,Tseminyu,8.613,10.899999999999999,1.80029386490095,2.5459999999991383,2,8.613,10.899999999999999,1.80029386490095,2.5459999999991383,2.0,8.613,10.899999999999999,1.80029386490095,2.5459999999991383,2.0,9.886,12.7,5.235258350836184,5.0,,8.613,,1,0.18181818181818182,0.4
Nagaland,Wokha,8.570714285714287,7.466428571428572,5.327497402292052,-0.5163298722044237,7,7.85625,6.79375,6.164484805453467,-1.0462804878049103,4.0,3.24,3.225,1.3647160876900366,1.9299999999993476,2.0,4.205,4.15,1.7797097141575273,4.0,12.4725,3.24,-9.2325,1,0.36363636363636365,0.4
Odisha,Anugul,6.172208971881872,6.160546875,0.3869598367438208,-0.017380465292259256,32,5.930513851082828,5.945909090909091,0.38741475968652916,-0.07764049540817985,11.0,5.677027693346842,5.784000000000001,0.1782139469610204,0.008591185410344976,5.0,5.6861702127659575,6.02,2.086094283991528,47.0,6.129677247120485,5.677027693346842,-0.452649553773643,1,1.0,1.0
Odisha,Balangir,5.396835463325718,5.4465625,0.5518687998731379,-0.03843110071425534,32,4.923879588867467,4.889545454545455,0.41012334500167075,-0.059086850660402944,11.0,4.7938735564990616,4.772,0.31889697243016574,-0.09193221624485087,5.0,4.36896551724138,4.16,1.7940092214114671,58.0,5.045762988284727,4.7938735564990616,-0.25188943178566525,1,1.0,1.0
Odisha,Baleshwar,5.078252711687252,4.96296875,0.7910737748199888,-0.008124288863437648,32,4.863468542064968,4.9399999999999995,0.8114189312621134,-0.07076655712476689,11.0,4.762614086149584,4.678,0.6716299990587413,0.018143537784510538,5.0,4.236176470588235,4.34,2.0959947587053978,34.0,4.953016706393347,4.762614086149584,-0.19040262024376364,1,1.0,1.0
Odisha,Bargarh,4.237972748994812,3.9271875,0.6316370522776797,-0.04863850675072213,32,3.702949370550745,3.011818181818182,0.33758844451692405,-0.053629694151774654,11.0,3.511209234365868,2.82,0.1965123981550979,0.010141145528935039,5.0,3.6572881355932205,2.75,2.52586607236933,59.0,3.926156573828228,3.511209234365868,-0.41494733946235973,1,1.0,1.0
Odisha,Bhadrak,4.1319548005206865,4.1015625,0.7657047050532221,-0.005135361152534193,32,3.745870231107354,3.705909090909091,0.5069960253979342,-0.06669208619194651,11.0,3.573188551386694,3.5629999999999997,0.501148179597711,-0.09176739050424158,5.0,3.0154545454545456,2.915,1.722262430289844,22.0,3.8491545284780577,3.573188551386694,-0.2759659770913636,1,1.0,1.0
Odisha,Boudh,5.857628300993453,5.90796875,0.5464053908299941,-0.033552041701202226,32,5.560738590560209,5.543181818181818,0.4819250813607185,-0.09322800045825722,11.0,5.268055448594533,5.31,0.30088684174091684,-0.10001309202926181,5.0,5.188979591836734,5.45,1.614890663091931,49.0,5.850352059333581,5.268055448594533,-0.5822966107390481,1,1.0,1.0
Odisha,Cuttack,3.775574441726397,3.41,0.27840825648494394,-0.006593958747767791,32,3.657834617619551,3.4395454545454545,0.2865597230483359,-0.05415100955995998,11.0,3.485916463218831,3.192,0.16240505577969513,-0.04787641918611765,5.0,3.385820895522388,3.06,1.8765564443010159,67.0,3.8010071955441815,3.485916463218831,-0.3150907323253507,1,1.0,1.0
Odisha,Deogarh,5.637862599206349,5.8240625,0.9132773406645625,0.029812624305475616,32,5.82839466089466,5.723181818181818,0.5825833228720662,-0.07953479601203714,11.0,5.5155,5.211,0.43712954800097525,0.0039545454545749145,5.0,5.88,5.654999999999999,1.3337332733513267,10.0,6.098396825396826,5.5155,-0.5828968253968254,1,1.0,1.0
Odisha,Dhenkanal,6.201555741970439,6.07546875,0.4167752764758557,-0.01777818181785555,32,6.028588207678502,5.777272727272727,0.4796534047368887,-0.05211156954291028,11.0,5.900183169934641,5.554,0.5071202973489118,-0.08600147058828891,5.0,5.1165,4.92,1.658767769406107,40.0,6.135488664735844,5.900183169934641,-0.235305494801203,1,1.0,1.0
Odisha,Gajapati,6.240730806833463,5.80875,0.9908012129769003,-0.07753737030066106,32,5.200019670384217,4.76,0.2901284014849024,0.0022092311106268045,11.0,5.185148412240737,4.74,0.1587197722814212,0.048005932517613835,5.0,5.193793103448276,4.9,2.557662735770833,29.0,5.208968936678614,5.185148412240737,-0.023820524437876855,1,1.0,1.0
Odisha,Ganjam,4.85571238961527,4.6659375,0.6915842621851573,-0.053547796869404224,32,4.190283933397435,3.896818181818182,0.42469666271827855,-0.01564938590118174,11.0,4.190397395002658,3.845,0.4258888747835079,-0.03265635680109044,5.0,3.7960526315789473,3.275,2.141554624688877,76.0,4.1600582443871925,4.190397395002658,0.03033915061546555,1,1.0,1.0
Odisha,Jagatsinghapur,2.708290632978133,2.5754687499999998,0.34012253348147947,0.003527686260010232,32,2.7443953521226248,2.554090909090909,0.3277126807708383,-0.03616235784416608,11.0,2.615030303030303,2.438,0.37218762362671315,-0.09236363636363865,5.0,2.3445454545454543,2.44,0.42570796648321335,11.0,2.816639471639472,2.615030303030303,-0.20160916860916878,1,1.0,1.0
Odisha,Jajapur,4.479714348372064,4.103125,0.7681937603623958,0.024380671839769906,32,4.6784005132750615,4.17,0.7750273624905686,-0.195803003493683,11.0,4.142735070915598,3.6990000000000003,0.24248860347204965,-0.07829792382935159,5.0,4.136176470588235,3.8449999999999998,1.7836054984146705,34.0,5.172053750597229,4.142735070915598,-1.029318679681631,1,1.0,1.0
Odisha,Jharsuguda,5.745044162138118,5.74609375,0.5228945814617288,-0.03094136092431744,32,5.385887851183903,5.459545454545455,0.4312430075973974,-0.06579918874982729,11.0,5.100496626180837,5.164,0.4527563804168008,-0.034161943319804294,5.0,5.544615384615384,5.82,1.6694590709998223,13.0,5.613789979757085,5.100496626180837,-0.5132933535762483,1,1.0,1.0
Odisha,Kalahandi,5.351227794091884,5.361875,0.5490301649285623,-0.027772722156175208,32,5.209863156858909,5.234090909090909,0.49313687673960005,-0.05569170783386632,11.0,5.02806728014292,5.162000000000001,0.21100390064346491,-0.09270910439209672,5.0,4.8345161290322585,5.36,2.3635112843813224,31.0,5.380690488476093,5.02806728014292,-0.3526232083331733,1,1.0,1.0
Odisha,Kandhamal,8.52991450930802,8.484791666666666,0.9298099038917464,-0.0339097679373406,24,7.96061072692966,7.675,0.39303924549964125,-0.0004193552421024929,8.0,7.963656084656084,7.68,0.4831837547251813,0.01657936507937377,5.0,7.6033333333333335,6.95,2.6647382395007337,30.0,7.946636029411764,7.963656084656084,0.01702005524431982,1,0.7272727272727273,1.0
Odisha,Kendrapara,3.4064718702330437,3.3332812499999998,0.4212979238475606,-0.031690307114635795,32,2.97778526637706,2.87,0.17671035672185825,-0.032876423314905964,11.0,2.8882841137123743,2.814,0.12766702192011434,-0.04711923076923813,5.0,2.74625,2.57,1.0764588180494978,24.0,3.0628434723171565,2.8882841137123743,-0.17455935860478222,1,1.0,1.0
Odisha,Kendujhar,6.120350597290219,6.04578125,0.7539333835650572,-0.04180461153905844,32,5.485093798813974,5.264545454545455,0.7517508335658116,-0.07482239072812902,11.0,5.310620478363759,4.9350000000000005,0.9611022689841578,-0.056884396430976564,5.0,4.935735294117647,4.425000000000001,1.6407400188579546,68.0,5.6040435061456275,5.310620478363759,-0.29342302778186813,1,1.0,1.0
Odisha,Khordha,5.859756668924846,5.918064516129032,0.7632304888188539,-0.06501946593642856,31,5.138826193757577,5.055909090909091,0.3922222144389694,-0.05328039555634556,11.0,4.9951446678289075,4.904,0.12987740021537866,-0.06427960578734829,5.0,4.809710144927537,4.67,2.652805934574411,69.0,5.255987244152047,4.9951446678289075,-0.2608425763231397,1,1.0,1.0
Odisha,Koraput,6.02738119553049,5.9059375,0.6178200186697924,-0.017170513025013236,32,6.040677006304335,6.075,0.2655560639534092,-0.008146996865255758,11.0,5.970121520412299,5.96,0.26537562369157053,-0.08594059128758144,5.0,5.602592592592593,4.800000000000001,3.6695751567296577,54.0,6.0807714022291695,5.970121520412299,-0.11064988181687063,1,1.0,1.0
Odisha,Malkangiri,5.250793142368601,4.88515625,0.9379386498896432,-0.08411521992743762,32,4.4077680185311765,3.9454545454545453,0.6041352526858664,-0.12081216298318843,11.0,3.943108187134503,3.6,0.5425785132594664,-0.2571988304093727,5.0,3.3144444444444443,2.85,1.5802241919208888,18.0,4.798191979949875,3.943108187134503,-0.8550837928153721,1,1.0,1.0
Odisha,Mayurbhanj,7.084194625976641,6.66890625,0.9099492601086144,-0.06430403310852711,32,6.160658252523978,5.660909090909091,0.8151547340813735,-0.0834746777077606,11.0,6.08296867609334,5.454,0.8184627642011553,-0.22296661244999816,5.0,5.440420560747664,4.67,2.7509236974850078,107.0,6.193219205486811,6.08296867609334,-0.11025052939347102,1,1.0,1.0
Odisha,Nabarangpur,6.235310751939631,6.26453125,0.5975533491377436,-0.040756607917154755,32,5.81632658448271,5.707727272727273,0.2973561753758431,-0.009390888360634309,11.0,5.78977233201581,5.515000000000001,0.12251861411528683,-0.027392885375497417,5.0,5.791818181818182,5.675000000000001,2.0269320856046655,22.0,5.8423,5.78977233201581,-0.052527667984190174,1,1.0,1.0
Odisha,Nayagarh,5.225929290649161,5.08734375,0.6201337129083803,-0.008227618531869497,32,5.087063868282048,4.819090909090909,0.509624637487636,-0.05748698535214905,11.0,4.93271147457194,4.744,0.37902133069376315,0.030677144560894293,5.0,4.872051282051282,4.67,2.0142729908111936,39.0,5.226476094472096,4.93271147457194,-0.29376461990015557,1,1.0,1.0
Odisha,Nuapada,5.859084185403556,5.72421875,0.9369706093306057,-0.07570731374941005,32,5.015197048885486,5.038636363636363,0.528062438916188,-0.10734831469504695,11.0,4.676550046500814,4.819999999999999,0.429526030359314,-0.19175726575220237,5.0,3.9964705882352938,4.1,2.000596602192926,17.0,5.346050127713921,4.676550046500814,-0.6695000812131076,1,1.0,1.0
Odisha,Puri,3.131407062089342,2.896290322580645,0.410454494018708,0.01793969583108202,31,3.353033548344972,2.972727272727273,0.29395221943001193,0.01504904920304342,11.0,3.4477370413756203,3.053,0.2949722819080251,0.10905355881789845,5.0,3.375757575757576,2.715,1.931601217488554,66.0,3.3074442276698846,3.4477370413756203,0.14029281370573576,1,1.0,1.0
Odisha,Rayagada,5.484917521153275,4.94265625,0.6960004712678631,-0.057869078990666,32,4.831233187489872,4.3977272727272725,0.35031805585326364,-0.00975668449196084,11.0,4.785985739750446,4.470000000000001,0.28870346568653854,-0.036802139037449604,5.0,4.562352941176471,3.95,2.151140771229781,17.0,4.87,4.785985739750446,-0.08401426024955416,1,1.0,1.0
Odisha,Sambalpur,5.377861701456087,5.63078125,0.5296437281529217,-0.03376477281985399,32,4.929821207207215,5.201818181818182,0.44353290698125253,-0.1045033667097968,11.0,4.549527439958489,4.71,0.3614214797642425,-0.060745639893026504,5.0,4.736438356164383,5.1,2.533252942728322,73.0,5.2622763989959775,4.549527439958489,-0.7127489590374889,1,1.0,1.0
Odisha,Sonepur,4.361985302889005,4.414765625,0.3959009223942338,-0.008858711681066127,32,4.205643181630969,4.353863636363636,0.22823453749443637,-0.015858830833255386,11.0,4.126589215323972,4.29,0.22034832249489505,-0.017713814979058863,5.0,4.192560975609756,4.4,2.396831534012982,41.0,4.270173610351117,4.126589215323972,-0.14358439502714493,1,1.0,1.0
Odisha,Sundargarh,6.149134985214222,5.783515625,0.9594514313881701,-0.07266159442599648,32,5.275085224416255,4.887954545454545,0.6106116053878158,-0.13836835918470883,11.0,4.788748979695321,4.534000000000001,0.39074575068948375,-0.1478531014799414,5.0,4.6744615384615384,4.72,2.189241471641228,65.0,5.705152799734727,4.788748979695321,-0.916403820039406,1,1.0,1.0
Puducherry,Karaikal,2.8856321839080463,2.9032758620689654,1.086022798383967,0.002238000102454768,29,2.6931481481481483,2.7444444444444445,0.5034688314062062,-0.06485374149660066,9.0,2.34125,2.28375,0.2832365030617817,0.164500000000026,4.0,2.765,2.785,1.0988023783495677,4.0,2.974666666666667,2.34125,-0.6334166666666667,1,0.8181818181818182,0.8
Puducherry,Pondicherry,4.475907407407408,4.276851851851852,6.523516934370595,-0.04722199684848782,27,4.37945,3.842,1.1748298801197652,-0.10085454545456274,10.0,4.024,4.18,0.7294381399405984,0.03600000000005885,5.0,4.0600000000000005,4.4,1.4563882266300652,4.0,4.7349000000000006,4.024,-0.7109000000000005,1,0.9090909090909091,1.0
Punjab,Amritsar,12.264732689390636,11.8846875,3.1224484983865834,0.3064353031978975,32,14.956191716215715,14.98,0.6394377243212895,0.1278733735779371,11.0,15.250765854089384,15.113999999999999,0.5064308094028712,0.18504888712244474,5.0,16.001764705882355,15.52,4.839532822615885,17.0,14.59785592158519,15.250765854089384,0.652909932504194,1,1.0,1.0
Punjab,Barnala,23.23212177059052,23.0390625,10.890873320674883,1.1382677335291123,32,35.97594193685102,36.20681818181818,5.5979532986008556,1.6731204810339138,11.0,40.81057226107227,41.012,2.532490333662568,1.5651002331004609,5.0,43.343333333333334,43.26,5.22549838133487,3.0,30.869,40.81057226107227,9.941572261072267,1,1.0,1.0
Punjab,Bathinda,12.327959348567829,11.7146875,4.023814274479568,0.4080548390018647,32,17.286759392828433,15.67681818181818,1.6471258688482486,0.35618360080046196,11.0,18.351279075952363,16.306,0.9524799300846196,-0.4240959646114644,5.0,17.37578947368421,16.03,9.988044139419596,19.0,16.10648047715908,18.351279075952363,2.244798598793281,1,1.0,1.0
Punjab,Faridkot,7.017425972663248,6.3925,1.6779379507300072,0.1665834303696206,32,8.62049115095018,7.642727272727272,1.2767971879445288,0.3616088681793211,11.0,9.680307921669417,9.02,0.7642629543614662,0.41725973147886813,5.0,10.394705882352941,10.1,6.468318094418999,17.0,7.417153562801933,9.680307921669417,2.2631543588674843,1,1.0,1.0
Punjab,Fatehgarh Sahib,17.041649365835163,15.9603125,5.308138801293078,0.5477897735431598,32,22.624629878059135,21.728181818181817,1.3144615943503706,0.32479475228865373,11.0,23.459800849575213,22.558,0.5976295929239472,0.20234770114948322,5.0,24.470000000000002,23.44,9.283155892978064,13.0,21.753134882154882,23.459800849575213,1.7066659674203315,1,1.0,1.0
Punjab,Fazilka,4.739859592341708,3.58046875,0.8499142817798547,-0.02837395782755872,32,4.7345950117436555,3.5063636363636363,0.7507546901468353,0.020315939917881554,11.0,4.759298484124571,3.3339999999999996,0.6069338535709172,-0.22322127872134087,5.0,3.9976923076923074,2.92,2.8651473314245517,13.0,4.563126331185154,4.759298484124571,0.19617215293941648,1,1.0,1.0
Punjab,Ferozepur,8.127347268855498,7.102109375,4.027351322176016,0.339887275004815,32,12.047896168355813,10.761818181818182,2.2596625214604487,-0.21160070305244214,11.0,11.471633686361946,10.007000000000001,3.070883560908106,-1.739882478632892,5.0,7.44375,5.085,5.381242388413399,8.0,12.486237884020845,11.471633686361946,-1.0146041976588993,1,1.0,1.0
Punjab,Gurdaspur,8.008878610076438,7.04015625,1.0925642300119316,0.0773745304891279,32,8.621208245893532,8.27590909090909,0.9573027180283038,0.19010005141547248,11.0,9.120691488206313,8.934999999999999,1.100106647763354,0.4631500696070473,5.0,10.989166666666668,10.725,5.7234961634767725,12.0,8.106919033711838,9.120691488206313,1.0137724544944753,1,1.0,1.0
Punjab,Hoshiarpur,11.719106764827135,10.23984375,3.2155235091366063,0.2827821699820805,32,15.287840628777424,13.444090909090908,2.117852928341937,0.2297849504965717,11.0,16.55303282674772,14.599,1.6604191397576973,-0.824075683890795,5.0,13.647142857142857,10.895,8.489270539081334,14.0,14.091705918264742,16.55303282674772,2.461326908482979,1,1.0,1.0
Punjab,Jalandhar,17.72172586036439,17.362421875,6.33285075474742,0.6405948268113548,32,24.53106074224536,23.437727272727273,2.0531552109089595,0.4223518893831906,11.0,25.96371250281581,24.723,0.9713503015601332,-0.49444675059754717,5.0,24.264,22.814999999999998,9.557895165777872,10.0,22.72657234963618,25.96371250281581,3.237140153179631,1,1.0,1.0
Punjab,Kapurthala,13.921528105569292,13.15265625,4.270996107975639,0.3494169187721187,32,17.166513046242297,15.692727272727273,1.968032878885305,0.3940990330486209,11.0,18.21821794871795,17.191,1.6952163489527643,0.1437435897437207,5.0,20.4525,20.005,6.03395599917666,4.0,16.251444086348435,18.21821794871795,1.9667738623695143,1,1.0,1.0
Punjab,Ludhiana,14.565892154071875,14.319921875,3.9086166143694276,0.3975638297186861,32,18.810257974781283,19.445,1.1810649424409667,0.3045696169539236,11.0,19.798423059065293,19.774,0.7156639683627304,-0.06250196023489378,5.0,19.07470588235294,14.92,10.93806548118031,17.0,17.812247933729388,19.798423059065293,1.9861751253359046,1,1.0,1.0
Punjab,Malerkotla,25.242431963645675,25.39306451612903,7.909664152538441,0.8138678939787609,31,33.837878607503605,34.01590909090909,2.313812091936464,0.580005537518028,11.0,35.44122222222222,35.392,0.7431514891342602,0.15622222222224344,5.0,35.13666666666666,33.41,7.902761120857274,3.0,32.25925357142857,35.44122222222222,3.1819686507936495,1,1.0,1.0
Punjab,Mansa,9.561659445967983,9.31609375,4.547923745437732,0.4713154078696328,32,14.81233806608126,14.347272727272726,2.2501899872867583,0.6396839417723662,11.0,16.918626503999462,16.798,0.3198470443153283,0.14580906768841215,5.0,17.4725,19.689999999999998,6.26589350600307,8.0,12.784671087533157,16.918626503999462,4.133955416466305,1,1.0,1.0
Punjab,Moga,18.758418569037378,19.10109375,7.234527925621674,0.7532045217295222,32,26.75531855937943,27.545909090909092,3.035868437253052,0.8562953960048627,11.0,29.01082498982499,29.264,1.3475271577567898,0.7174552299554109,5.0,31.25,32.47,11.26963619643509,3.0,23.993875840809753,29.01082498982499,5.016949149015236,1,1.0,1.0
Punjab,Pathankot,6.8955597717562735,5.715,1.2377535210327373,0.08974057513533111,32,7.710569444243358,5.173181818181818,1.1832591989658279,0.13647098939711455,11.0,8.08144513457557,5.2700000000000005,0.8191712681780107,-0.09107039337481866,5.0,6.921666666666667,5.55,5.25796682677964,12.0,7.386423027375201,8.08144513457557,0.6950221072003693,1,1.0,1.0
Punjab,Patiala,19.331352431278475,19.78015625,8.234381884472718,0.8540365081095309,32,28.787031216058164,30.37,1.5123364875399226,0.3991317856250011,11.0,29.80346790757381,32.058,0.7634198400725749,0.4323594918070531,5.0,30.671176470588232,33.54,14.969607911679311,17.0,27.533747894190935,29.80346790757381,2.2697200133828765,1,1.0,1.0
Punjab,Rupnagar,9.126613178733837,6.72,2.3498922214689486,0.17352976329669229,32,11.468583240632777,8.91,2.305303752381301,-0.10759340195404239,11.0,11.237404511278196,9.644,3.215976727898925,-1.4598736842108648,5.0,6.248,5.02,2.8460797599505185,5.0,11.518184500466853,11.237404511278196,-0.2807799891886571,1,1.0,1.0
Punjab,S.A.S Nagar,11.475672670325837,9.139375,4.760264435087334,0.4101859404222935,32,16.90807404875826,13.818636363636363,3.299263737358622,-0.1303780701752941,11.0,16.47295338345865,12.629000000000001,4.18335268117663,-2.016986466165928,5.0,9.078,6.795,4.182492080088139,10.0,16.994333333333334,16.47295338345865,-0.5213799498746852,1,1.0,1.0
Punjab,Sangrur,21.70688975023246,21.78640625,12.048751750784621,1.2589874379536081,32,35.65657655289171,35.94136363636364,3.965613235561914,1.1698258076826458,11.0,38.991509803921566,39.302,2.346054285660267,1.3196666666669727,5.0,42.89,43.959999999999994,1.9251790269256204,8.0,32.126291945773524,38.991509803921566,6.865217858148043,1,1.0,1.0
Punjab,Shahid Bhagat Singh Nagar,15.803050650488466,14.809375,3.927562744516391,0.3197877605513145,32,18.604238715103268,18.729090909090907,3.6176181197058748,0.5980667336790436,11.0,19.960836576735957,20.584,4.8545607813225775,2.3563335913319103,5.0,28.57,28.57,0.0,1.0,17.59848859649123,19.960836576735957,2.362347980244728,1,1.0,1.0
Punjab,Sri Muktsar Sahib,3.1596550203003586,2.574375,0.9225995871041289,0.04217199326572979,32,3.802371932505965,2.921818181818182,1.2142605398470014,0.060854489038913884,11.0,3.753820744672138,2.989,0.2257342633966426,0.10793511556671388,5.0,4.125,3.245,2.4563896270746626,10.0,3.968788811188811,3.753820744672138,-0.21496806651667333,1,1.0,1.0
Punjab,Tarn Taran,14.876841868306427,15.03359375,3.637532475628185,0.37166110050741036,32,18.638805673168477,19.31681818181818,1.3304889530736013,0.269264099465313,11.0,19.237306831831834,19.756999999999998,1.043155551963298,0.12128674924925424,5.0,20.36175,20.285,2.005522925459955,12.0,17.81729641836959,19.237306831831834,1.4200104134622435,1,1.0,1.0
Rajasthan,Ajmer,11.57747318726595,9.8115625,2.631636574424213,-0.0868824591825112,32,9.833108996665215,7.577727272727273,1.9229260864836712,0.3571717159634198,11.0,11.038245348219032,8.4,1.5195789003263078,0.23357363104725337,5.0,9.704736842105262,7.3,9.407892885126387,19.0,9.058594444444443,11.038245348219032,1.9796509037745889,1,1.0,1.0
Rajasthan,Alwar,18.475091069999994,17.028828125,6.948236796635129,0.6500628958909748,32,25.82178621378621,25.185909090909092,6.274628228640009,1.405034698634533,11.0,30.128765567765566,27.212,6.808475526465919,2.7076666666667792,5.0,29.26809523809524,21.51,21.037224060946734,21.0,22.609933333333334,30.128765567765566,7.518832234432232,1,1.0,1.0
Rajasthan,Anupgarh,11.945478174603174,10.90875,2.4321823664854074,-0.16761579359260692,32,10.686066017316017,9.33909090909091,1.8560500460066494,0.44399025974015127,11.0,12.153238095238095,10.908,1.7525615735719515,0.8537142857144675,5.0,13.415000000000001,13.09,4.294628039772479,6.0,9.486107142857142,12.153238095238095,2.667130952380953,1,1.0,1.0
Rajasthan,Balotra,20.701074837009664,21.18953125,1.9924060646599866,-0.053945344825690564,32,19.65907427660059,19.863636363636363,1.3129369682364567,0.22198591174905188,11.0,20.34791578947368,20.247999999999998,1.1581614337230364,0.2382015037593498,5.0,19.56957894736842,20.54,11.38698589187474,19.0,19.24426984126984,20.34791578947368,1.103645948203841,1,1.0,1.0
Rajasthan,Banswara,6.90578857122769,6.65140625,1.1712135340929846,0.050958867029008,32,7.416598974844674,6.75,1.2471243932447749,0.15481996301362305,11.0,7.856312178560875,6.689,1.6331766583207494,0.8788433279971596,5.0,9.2335,6.645,8.596743435296165,40.0,7.298440860215054,7.856312178560875,0.5578713183458213,1,1.0,1.0
Rajasthan,Baran,7.9401458081539955,6.7678125,2.6575451708261335,-0.0713966267496738,32,6.79283411033411,6.615909090909091,0.7382773716239958,0.08406099456099371,11.0,7.0651239316239325,7.246,0.9585262872096783,0.005540598290617003,5.0,6.44923076923077,7.23,2.8233976622102595,13.0,6.5680000000000005,7.0651239316239325,0.497123931623932,1,1.0,1.0
Rajasthan,Barmer,34.18564006696596,27.506328125,2.977618781667438,0.20815447110484847,32,37.3793721067218,29.906818181818185,1.2971388484043285,0.19298921746839995,11.0,37.483364666533994,30.574,1.2945805968432886,0.7204947098120768,5.0,38.51265957446809,33.72,28.075162119069336,47.0,36.7805873015873,37.483364666533994,0.7027773649466909,1,1.0,1.0
Rajasthan,Beawar,14.017221070978653,11.69734375,2.035849964572092,0.036726855248551515,32,13.855857475857476,11.056363636363637,2.108570537827404,-0.0039056398147014203,11.0,14.211832167832167,10.77,1.5141245508878045,0.6461212121214445,5.0,16.77,7.85,27.512506610630737,11.0,14.461963369963371,14.211832167832167,-0.2501312021312039,1,1.0,1.0
Rajasthan,Bharatpur,14.314097345908754,11.666451612903227,6.640138805560468,0.6814601558190465,31,21.646308929632458,16.41272727272727,3.6667815687090544,0.6851531576266007,11.0,23.870921568627452,17.014,4.278173407285709,1.17696078431396,5.0,24.46166666666667,14.67,24.06857699020308,21.0,20.148735854341737,23.870921568627452,3.7221857142857147,1,1.0,1.0
Rajasthan,Bhilwara,14.110248579451675,13.33953125,2.635660255871157,0.08238403541155778,32,14.747545275980059,13.580454545454545,3.338124747441814,0.4103737600563237,11.0,16.288665445665448,14.560999999999998,4.100218394392087,0.009158119658057498,5.0,12.466111111111111,11.504999999999999,9.498017552172856,54.0,13.981291304347826,16.288665445665448,2.307374141317622,1,1.0,1.0
Rajasthan,Bikaner,43.851957380131786,38.834375,8.217535607865862,-0.7743188265128942,32,34.05927200931497,29.83318181818182,2.742786926695757,-0.07598358386717548,11.0,34.257602505173544,28.667,3.7519694777177386,-0.6423088305400092,5.0,36.88605263157895,32.235,22.251164626607718,38.0,34.22638565890914,34.257602505173544,0.031216846264406684,1,1.0,1.0
Rajasthan,Bundi,7.950880503432433,6.859999999999999,2.5005730794430074,-0.08915325754013184,32,6.6791526109066215,5.591818181818182,3.4527678015191374,0.5182291455424239,11.0,8.055862150920975,6.534000000000001,4.950939065587216,1.5866702317293089,5.0,8.069411764705883,6.77,5.704155799270646,17.0,5.574940259740259,8.055862150920975,2.4809218911807154,1,1.0,1.0
Rajasthan,Chittorgarh,13.947626947220467,14.13625,2.335886763555394,-0.0920414312568144,32,12.42926438757321,11.935909090909092,2.349115940394662,0.4278425936807776,11.0,13.956547619047617,13.572,2.159890059901586,0.6579761904764581,5.0,15.654166666666667,14.11,8.665399805426105,12.0,11.619084033613444,13.956547619047617,2.3374635854341737,1,1.0,1.0
Rajasthan,Churu,33.24025520829882,32.51609375,2.711254533020177,-0.22376561994383187,32,30.386481455853268,29.142272727272726,1.284019991073879,0.20376383863232786,11.0,31.03475153534344,29.672000000000004,1.4578405342356848,0.7575882503194808,5.0,33.18379310344828,30.66,18.193606493528964,29.0,29.95870766753376,31.03475153534344,1.0760438678096804,1,1.0,1.0
Rajasthan,Dausa,22.868426106468927,20.921328125,5.757979201597473,0.5119002931189308,32,27.37430907624758,24.36590909090909,3.522493488173534,0.6757100126551151,11.0,29.94231185807656,26.006,3.724672058118092,0.40323015872999446,5.0,26.766428571428573,21.38,19.417550712213313,28.0,25.44616810966811,29.94231185807656,4.49614374840845,1,1.0,1.0
Rajasthan,Deeg,7.7791937166512595,7.324677419354838,1.627442771306066,0.11365387951344794,31,9.107848484848486,8.877272727272727,1.790155043649301,0.3079772727272448,11.0,9.902133333333333,8.434999999999999,2.252171925177018,0.8945500000002966,5.0,12.064,7.325,11.70718317007886,10.0,8.615133333333333,9.902133333333333,1.2870000000000008,1,1.0,1.0
Rajasthan,Dholpur,14.476417453438707,12.470806451612905,1.9465260262938027,0.10108360196133678,31,15.226145087532787,12.55181818181818,1.7936298582571286,0.2035915742011747,11.0,16.2356893557423,14.206999999999999,1.9829631406642863,-0.7927196078433004,5.0,13.0215,9.385000000000002,10.395859638893695,20.0,14.594329836829838,16.2356893557423,1.641359518912461,1,1.0,1.0
Rajasthan,Didwana-Kuchaman,28.267980412964015,27.828125,5.210388930628414,0.3692010077942553,32,33.157602071131485,31.462727272727275,6.201064188562349,1.5711489387764148,11.0,36.73333927510398,33.081,6.583595336009776,3.7492706476534945,5.0,42.45795454545455,36.655,23.99422533003122,22.0,29.64255194805195,36.73333927510398,7.0907873270520305,1,1.0,1.0
Rajasthan,Dudu,9.807551334313834,9.2315625,3.065667587653134,-0.06826257794828382,32,8.52477920631557,7.919545454545454,2.7536033675262206,-0.044198822692396084,11.0,7.958556776556776,7.610000000000001,2.7972924871725304,-1.244602564102849,5.0,3.36,3.35,1.8539044038087666,27.0,8.728550069930069,7.958556776556776,-0.7699932933732931,1,1.0,1.0
Rajasthan,Dungarpur,8.380765331746112,7.9067187500000005,1.6291225396712634,0.014150263908135162,32,8.137267035762207,7.772272727272727,1.4901133403344844,0.11409711649922719,11.0,8.303700013690861,7.6530000000000005,2.085367611254589,0.9156120401339429,5.0,9.121538461538462,7.515000000000001,5.320694460167915,26.0,8.275787464985994,8.303700013690861,0.027912548704867035,1,1.0,1.0
Rajasthan,Ganganagar,16.184644028938965,14.1653125,1.8343213248503445,-0.14913262539972194,32,14.98817178932179,12.853636363636362,0.7126749858876215,0.11048777981275999,11.0,15.524321811151811,13.291999999999998,0.6685832056002687,-0.14765061457056258,5.0,15.7346,12.56,9.515638873279434,25.0,14.493117663817666,15.524321811151811,1.0312041473341456,1,1.0,1.0
Rajasthan,Gangapurcity,10.142526723710317,8.041875000000001,2.5350519296975746,-0.03735468851824827,32,8.853475288600288,6.786818181818182,2.1316404653496632,0.449821338383796,11.0,10.281569444444445,6.609999999999999,1.9787069176053642,1.0813472222224283,5.0,11.805625,6.85,14.101909548591873,16.0,7.838933333333334,10.281569444444445,2.442636111111111,1,1.0,1.0
Rajasthan,Hanumangarh,18.942512421186304,17.2834375,1.3472872480024345,0.08484350071759102,32,19.989176627971673,18.488636363636363,1.2392064960879654,0.2763225947601926,11.0,20.96216517216643,19.44,1.0971979702070036,0.4233673780489295,5.0,22.889024390243904,22.1,10.623228747626131,41.0,19.164549725160732,20.96216517216643,1.7976154470056969,1,1.0,1.0
Rajasthan,Jaipur,39.30276031520563,38.89203125,12.350187914083085,1.256170427370171,32,50.762781090122004,50.67636363636364,4.477179897079604,0.8783472550176239,11.0,52.95454696969697,50.338,4.075963348628652,-0.07533181818211049,5.0,48.51925,45.19,19.902162911808905,12.0,48.15811688311688,52.95454696969697,4.796430086580088,1,1.0,1.0
Rajasthan,Jaipur (Gramin),30.174456058728477,29.85734375,8.21279409930365,0.7798181006992474,32,38.098130724625086,41.275,5.45483179005107,0.7789441935050196,11.0,40.27488213977913,45.004,6.647386205234206,-0.7617649807808139,5.0,31.2415,33.72,22.798017649799366,72.0,35.78403575742635,40.27488213977913,4.490846382352778,1,1.0,1.0
Rajasthan,Jaisalmer,34.726939454167926,33.27171875,2.345026921254742,-0.1272104155621733,32,33.12339718092929,30.165454545454544,1.4196366034218155,-0.05381944831970763,11.0,32.8309105621137,29.472,1.2449934703965515,-0.781767272884532,5.0,31.148771428571433,28.36,25.012073806302535,70.0,33.07406323593074,32.8309105621137,-0.2431526738170362,1,1.0,1.0
Rajasthan,Jalore,26.065107545232546,23.7696875,7.505379837419021,0.6507504299728489,32,32.14176515151515,29.342272727272725,3.803009737697926,0.5173553030301641,11.0,33.4955,30.177999999999997,4.854610373140155,1.6105000000000869,5.0,36.19,30.24,29.007700701710228,9.0,30.434383333333336,33.4955,3.0611166666666634,1,1.0,1.0
Rajasthan,Jhalawar,10.7212707510291,9.99234375,1.6610648109733808,-0.05664559023969551,32,9.538011312639929,9.090454545454547,1.8611947436164569,0.33896864589950404,11.0,10.735780923076922,10.24,1.4669546406097997,0.6093501538462689,5.0,11.07752,9.85,9.817425380074623,25.0,8.54707473396169,10.735780923076922,2.1887061891152317,1,1.0,1.0
Rajasthan,Jhunjhunu,48.218469690867494,49.0284375,9.479647416238993,0.9214434023888163,32,56.06763991690128,56.08818181818182,3.8781976524891544,0.9652341745374775,11.0,59.51719383116883,59.855999999999995,2.7277457051779384,0.42804880952415425,5.0,60.880125,61.980000000000004,16.132171406479767,24.0,52.93469090909091,59.51719383116883,6.582502922077921,1,1.0,1.0
Rajasthan,Jodhpur,20.289609375,19.17375,6.655020210015572,-0.4352014601661701,32,17.319924242424243,17.599545454545453,3.1844118472853515,-0.11996969696969632,11.0,16.35033333333333,16.208,4.51590943836959,2.1003333333332876,5.0,18.976666666666663,18.49,4.768661587210118,3.0,18.308500000000002,16.35033333333333,-1.9581666666666706,1,1.0,1.0
Rajasthan,Jodhpur (Gramin),26.732946157979185,23.45390625,5.13760410492327,0.21740375863107186,32,29.21814330921762,23.731818181818184,7.703047554332953,2.077608139417791,11.0,35.128566880234196,29.002,6.059655226560936,2.929117342435455,5.0,42.07003614457832,36.06,32.92073897254856,83.0,23.089220740470104,35.128566880234196,12.039346139764092,1,1.0,1.0
Rajasthan,Karauli,16.16076258102379,13.91125,2.516010250786426,0.03124823454075562,32,16.611025676749815,13.63,3.5256556711823372,0.7127848256467422,11.0,19.130741470534574,14.170000000000002,3.7635792672470774,1.6888102536035934,5.0,19.861379310344827,13.9,17.47136120384645,29.0,15.020657875457875,19.130741470534574,4.1100835950766985,1,1.0,1.0
Rajasthan,Kekri,8.306570098304473,7.2309375000000005,1.555809230285959,-0.03167157673297768,32,7.865364357864357,6.881818181818182,1.9484906617745135,-0.013985389610371437,11.0,7.9004126984126986,7.486,2.2290490308108137,0.15088888888884874,5.0,5.998888888888889,6.13,2.797491932269173,9.0,8.438944444444445,7.9004126984126986,-0.5385317460317465,1,1.0,1.0
Rajasthan,Khairthal-Tijara,24.994040734251236,23.42046875,9.94265795447085,1.0055778577735381,32,36.85774603174603,32.96409090909091,5.8345764696883196,1.6421053391051637,11.0,41.89575555555556,35.782,3.075592176644532,1.5838111111112159,5.0,45.426,39.91,15.252986738486483,10.0,32.641285714285715,41.89575555555556,9.254469841269845,1,1.0,1.0
Rajasthan,Kota,8.62568319345829,7.16859375,1.285359794832412,-0.006108598783985875,32,8.336490347887407,6.525,1.7319293905275788,0.3087056791247673,11.0,9.205829131652662,7.434,1.964947404701426,0.45352380952381166,5.0,8.066428571428572,6.220000000000001,7.289836557356209,14.0,7.461949633699634,9.205829131652662,1.7438794979530279,1,1.0,1.0
Rajasthan,Kotputli-Behror,37.41089151037135,31.70008064516129,11.745868178303509,1.2104461414138492,31,50.00070079920079,46.60545454545454,5.628479818593873,1.4810540126537486,11.0,54.16776556776557,53.979,4.951361187192121,2.0404029304028835,5.0,53.53333333333333,54.495000000000005,20.52452959635166,12.0,45.75777619047619,54.16776556776557,8.409989377289378,1,1.0,1.0
Rajasthan,Nagaur,41.86108537263611,40.84234375,7.881553496893099,0.6563780152754362,32,48.659789473684214,46.64363636363637,9.391857892101834,1.7860213716104598,11.0,53.43407017543859,51.279999999999994,12.132270361492358,3.7709298245626566,5.0,58.28631578947369,53.9,26.337440652367096,19.0,44.29246666666667,53.43407017543859,9.141603508771922,1,1.0,1.0
Rajasthan,Neem Ka Thana,22.84740364583333,22.8528125,7.86948981831078,0.6667075543743998,32,31.09806818181818,31.874545454545455,5.3346618145985945,1.4675113636361994,11.0,35.085249999999995,36.731,4.3078355571562845,2.5977500000004783,5.0,39.70125,41.505,33.649663312898525,8.0,27.440499999999997,35.085249999999995,7.644749999999998,1,1.0,1.0
Rajasthan,Pali,11.042935936130663,9.873125,3.0596380705550805,-0.17509250937982038,32,8.045270411992549,7.054090909090909,1.7290009022366535,-0.15352355264273207,11.0,7.902086134453782,7.358,1.9923105117956237,-0.47978886554651606,5.0,5.745357142857143,5.390000000000001,3.357785295391457,28.0,8.442508771929825,7.902086134453782,-0.540422637476043,1,1.0,1.0
Rajasthan,Phalodi,41.00970217195999,37.75515625,21.372572997077928,1.0059852662458646,32,57.000925438198166,55.76499999999999,27.877139640249176,6.895905912268967,11.0,76.73086013986014,79.466,7.884206093046974,-2.7020944055948846,5.0,76.08384615384615,81.23,44.925802077511015,13.0,33.25546153846154,76.73086013986014,43.4753986013986,1,1.0,1.0
Rajasthan,Pratapgarh,8.759838088380864,7.64421875,1.399018055125629,-0.04139226812060497,32,8.08775610650959,7.084545454545455,0.9436870438870658,-0.14509321096854239,11.0,7.567917794486216,6.640000000000001,0.4222815545532196,-0.10449824561406067,5.0,6.950666666666667,6.2,3.4090540511716036,15.0,8.685145639834882,7.567917794486216,-1.1172278453486664,1,1.0,1.0
Rajasthan,Rajsamand,11.194216007281371,10.84265625,1.6263732697617663,-0.04058203612188237,32,10.515291404438045,10.061818181818182,1.3989431943251511,-0.01642681895031711,11.0,10.574631861471861,10.314,1.7878354755034158,-0.5259850216452377,5.0,7.840800000000001,6.02,5.1159537396918155,25.0,10.414661402204882,10.574631861471861,0.1599704592669795,1,1.0,1.0
Rajasthan,Salumbar,6.891083570075757,6.1390625,2.0296033761414902,-0.10231508866154437,32,5.63248668503214,4.780454545454545,0.897975476257546,0.048169513314966945,11.0,5.795151515151515,4.5200000000000005,1.2940131978100218,0.07030303030298628,5.0,4.5,4.35,2.0106991597728165,10.0,5.536319191919192,5.795151515151515,0.25883232323232264,1,1.0,1.0
Rajasthan,Sanchore,30.095341055645743,29.50359375,7.498887980167149,0.7175266388619185,32,36.659423783287416,39.25090909090909,4.873281295125756,1.0773948576675423,11.0,40.657656565656566,45.711,3.122055214007319,-1.7067474747478777,5.0,35.28333333333333,39.805,21.4410135162977,12.0,32.55307575757576,40.657656565656566,8.104580808080804,1,1.0,1.0
Rajasthan,Sawai Madhopur,11.2891276106934,10.45484375,2.1318949247277983,-0.06459488784108242,32,10.282781648973037,9.752727272727272,2.1188146317759413,0.010120631043594851,11.0,10.101842105263158,9.408,2.8599696838948803,0.7418421052632658,5.0,9.702631578947368,8.29,7.277133778033204,19.0,10.768848951048952,10.101842105263158,-0.6670068457857941,1,1.0,1.0
Rajasthan,Shahpura,8.8399852621337,8.10890625,1.9112700852777826,-0.09344901989811279,32,7.493111888111889,6.468181818181819,1.9752253569369622,-0.29699067599060286,11.0,6.547692307692307,5.15,0.910720340423743,0.11323076923076396,5.0,5.985384615384616,4.1,4.8359549477233825,13.0,9.091,6.547692307692307,-2.5433076923076925,1,1.0,1.0
Rajasthan,Sikar,44.97900714886088,46.3203125,7.274351999404578,0.7421961374778092,32,51.76438784864101,48.997727272727275,1.5826703046763813,0.36693896929307185,11.0,52.709978633579134,48.897,1.100149771294694,0.2970349787174045,5.0,53.13078947368421,48.285,19.403883197537294,38.0,50.90844882697947,52.709978633579134,1.8015298065996603,1,1.0,1.0
Rajasthan,Sirohi,14.848941455564828,13.8603125,2.999026042999953,0.013370079731346041,32,15.28965199684451,14.605454545454545,2.865564715502292,-0.5913267172888222,11.0,13.065310023310024,12.372,1.9919454835018942,-0.7642191142193269,5.0,12.05,9.66,6.042415080081804,11.0,17.041924369747896,13.065310023310024,-3.976614346437872,1,1.0,1.0
Rajasthan,Tonk,9.431708197303788,8.20140625,1.7232052589636375,-0.05230313006428792,32,8.649503898141228,6.715,1.7201420743307791,0.04058537144967371,11.0,8.6460753887762,7.748,1.508177711014451,-0.36162407031775634,5.0,7.826666666666666,6.6899999999999995,5.671240730966321,36.0,8.773833187134503,8.6460753887762,-0.12775779835830292,1,1.0,1.0
Rajasthan,Udaipur,10.297998757153282,9.61625,1.3800707067579254,-0.0719193222324936,32,9.523629282594799,8.810454545454546,1.48634087700801,-0.17501227890878035,11.0,8.80758927203065,8.25,1.730415905800188,0.014766283524756042,5.0,6.757777777777778,6.05,4.581450335809304,27.0,10.223015839333081,8.80758927203065,-1.4154265673024309,1,1.0,1.0
Tamil Nadu,Ariyalur,3.9277362333007497,3.8120967741935483,1.697891360368692,-0.024369768763646618,31,4.031482323232323,3.8545000000000003,1.045506224700257,-0.1985909090909297,10.0,3.2409090909090907,2.9850000000000003,0.5435763116725839,0.08863636363638347,5.0,3.2,2.675,2.2407835931011078,10.0,4.822055555555556,3.2409090909090907,-1.5811464646464652,1,0.9090909090909091,1.0
Tamil Nadu,Chengalpattu,6.8511101218022175,6.5,1.3491790487421627,-0.028543065683195753,32,5.914404588652584,5.707727272727272,1.2547841967285582,-0.22440923736343085,11.0,5.013656135531136,4.673,0.6006785249564875,-0.17396062271067336,5.0,4.425,4.0649999999999995,1.9970764346199383,8.0,6.663328077151607,5.013656135531136,-1.649671941620471,1,1.0,1.0
Tamil Nadu,Chennai,5.7145335116744205,4.68109375,2.6485037083057805,-0.11501350407617722,32,4.416197252379896,4.1022727272727275,0.8867167769796718,-0.14010145134967694,11.0,3.851496607740086,3.63,0.5283651134349958,-0.21762188246540623,5.0,3.2506666666666666,3.35,1.5742638491265266,15.0,5.032372641613334,3.851496607740086,-1.1808760338732478,1,1.0,1.0
Tamil Nadu,Coimbatore,13.416020709845709,10.838,2.9198500455871184,-0.03634937224665835,30,12.949509268509267,9.259444444444444,2.455143564379645,-0.2932034475728425,9.0,11.379721611721612,7.7225,0.2943725173607599,-0.17642197802198972,4.0,11.113666666666667,7.54,11.382326434322259,30.0,14.205339393939393,11.379721611721612,-2.8256177822177815,1,0.8181818181818182,0.8
Tamil Nadu,Cuddalore,6.210526808104326,4.621612903225807,2.1511059587805597,-0.06374147190742221,31,5.781123276063581,4.169,1.9080490298682338,-0.10522945620301506,10.0,5.152567204301075,3.754,1.3652061512834308,0.7505880376345931,5.0,6.77741935483871,3.52,11.479590285296753,31.0,6.409679347826088,5.152567204301075,-1.2571121435250125,1,0.9090909090909091,1.0
Tamil Nadu,Dharmapuri,9.636462325633433,8.83,2.6961201862422888,0.06021003106035554,31,10.06319859407903,9.2485,2.737680105956526,-0.6209796037296471,10.0,7.854375449027623,7.242,2.036866701253154,-0.360958379784511,5.0,5.405,4.8100000000000005,3.0984362842258686,28.0,12.272021739130434,7.854375449027623,-4.417646290102811,1,0.9090909090909091,1.0
Tamil Nadu,Dindigul,7.178685026091468,6.530645161290322,1.8901815068245256,-0.04134579269745013,31,6.9249664380264075,6.172,1.9603432032461636,-0.30491105587736456,10.0,5.464635467980296,4.665,1.0943570641080795,0.5047463054188607,5.0,6.470714285714286,5.325,6.224960466077901,28.0,8.385297408072521,5.464635467980296,-2.9206619400922254,1,0.9090909090909091,1.0
Tamil Nadu,Erode,8.949353918289837,7.7396666666666665,2.4536216934442523,0.04172159313684281,30,9.959893906724732,8.060555555555556,3.011565101924246,-0.6492652831556804,9.0,7.278482834300224,6.34,0.9892128214266372,0.24759117011848059,4.0,6.8196875,6.36,3.924793784391735,64.0,12.105022764664337,7.278482834300224,-4.826539930364113,1,0.8181818181818182,0.8
Tamil Nadu,Kallakurichi,7.21818742195548,6.641774193548388,2.470532480661551,-0.01615854457837878,31,6.868125055681034,6.1195,2.7454783966626497,-0.5267638623673809,10.0,4.635040984377941,4.4399999999999995,1.4841595404475096,0.47323762469428177,5.0,4.878095238095238,4.7,1.9948273585641914,21.0,9.101209126984127,4.635040984377941,-4.466168142606186,1,0.9090909090909091,1.0
Tamil Nadu,Kancheepuram,7.740796235014985,7.7321875,3.733327474719075,-0.034960592010631716,32,5.68945917718645,5.679545454545455,1.0546346876796797,-0.19143533738986368,11.0,5.028433566433566,5.114,0.5875631999721928,-0.10041958041958882,5.0,4.7727272727272725,4.67,1.8158088605857772,11.0,6.508376623376624,5.028433566433566,-1.4799430569430578,1,1.0,1.0
Tamil Nadu,Kanniyakumari,9.580098017494839,8.821774193548388,3.0332786869495942,-0.22136978035692598,31,6.991025259462759,6.36,2.1905118869151976,-0.23532177544680746,10.0,5.840005952380952,5.044,1.1522472463386542,-0.2562529761905883,5.0,5.023333333333334,4.07,2.7916653162754375,15.0,8.142044566544566,5.840005952380952,-2.3020386141636138,1,0.9090909090909091,1.0
Tamil Nadu,Karur,7.27283785936286,6.945833333333334,2.146219906535926,-0.05864792691795765,30,6.219450271950272,5.582777777777777,1.4209351892152544,-0.25953346653347126,9.0,5.042820512820512,4.4624999999999995,0.7587952837944791,-0.0022051282052104435,4.0,4.319999999999999,3.15,2.2537746116237978,15.0,7.160754079254079,5.042820512820512,-2.1179335664335666,1,0.8181818181818182,0.8
Tamil Nadu,Krishnagiri,7.863361052518173,7.691774193548387,2.100240392509434,-0.010487759210893743,31,7.542903786615861,7.0085,2.855232021774256,-0.6227960036180482,10.0,5.477941176470589,5.309,1.3305792635054055,-0.5666176470588966,5.0,3.6500000000000004,3.3449999999999998,2.3384207843555194,18.0,9.607866396761134,5.477941176470589,-4.129925220290545,1,0.9090909090909091,1.0
Tamil Nadu,Madurai,6.653100830032069,5.99741935483871,2.191675956739969,0.03559034614804725,31,7.179895906432748,6.513,2.340691729963182,-0.5088908388395754,10.0,5.231916666666666,4.806,0.8211767497023404,-0.5132142857143728,5.0,4.150416666666667,3.6799999999999997,2.105907795922589,24.0,9.127875146198829,5.231916666666666,-3.8959584795321627,1,0.9090909090909091,1.0
Tamil Nadu,Mayiladuthurai,4.031755952380952,3.9401785714285715,1.2870060149329314,-0.012663516643702251,28,3.9254629629629627,3.6405555555555558,1.8040515316953523,-0.2023503401360512,9.0,3.165625,3.08125,0.47580797509779793,-0.1262500000000516,4.0,2.6125,2.425,0.9132131916115389,4.0,4.533333333333333,3.165625,-1.3677083333333333,1,0.8181818181818182,0.8
Tamil Nadu,Nagapattinam,3.577579365079365,3.4400000000000004,0.7650411855147727,-0.01930202373383791,14,3.388734567901235,3.178888888888889,0.7584093382636908,-0.1105371315192777,9.0,2.8934027777777778,2.56,0.468184061653555,0.007638888888850459,4.0,2.6425,2.29,1.360121151020947,12.0,3.785,2.8934027777777778,-0.8915972222222224,1,0.8181818181818182,0.8
Tamil Nadu,Namakkal,9.212497905870629,8.903387096774193,2.6318352300766,0.00792236049457766,31,9.47847022081382,8.189,2.389452134124198,-0.5064817276334463,10.0,7.548894206711362,6.340000000000001,0.6177342422833579,0.16706464602501644,5.0,8.257941176470588,6.3,6.828105313809284,51.0,11.408046234916279,7.548894206711362,-3.8591520282049174,1,0.9090909090909091,1.0
Tamil Nadu,Perambalur,7.564394352869353,6.973333333333333,3.0041743412497146,0.0372065568833627,30,7.974727207977207,6.8005555555555555,3.7793449425943275,-0.6670759353741609,9.0,4.6940625,4.23375,1.6751415907195226,0.7041249999998721,4.0,4.4825,4.535,1.9505606031771139,16.0,10.599258974358975,4.6940625,-5.905196474358974,1,0.8181818181818182,0.8
Tamil Nadu,Pudukkottai,5.2231899201942635,4.661666666666666,1.5493106177466685,0.03646416023452344,30,5.477640979880949,4.967222222222222,1.469813223813757,-0.17408372156661966,9.0,4.445128042328042,4.1325,0.44122042693899827,0.17288380952378654,4.0,4.5112,3.73,2.3390566474542687,25.0,6.303651329923274,4.445128042328042,-1.858523287595232,1,0.8181818181818182,0.8
Tamil Nadu,Ramanathapuram,5.932632106723686,5.2805,1.63439798519201,-0.05458947791280463,30,4.658240925546189,3.9561111111111114,1.324398316632766,-0.278578005449616,9.0,3.6931547619047618,2.875,0.793454532916026,-0.18181428571435115,4.0,3.0426190476190476,2.45,2.4203355237691833,21.0,5.43030985645933,3.6931547619047618,-1.7371550945545686,1,0.8181818181818182,0.8
Tamil Nadu,Ranipet,8.079187432359307,7.61171875,1.9879667462931654,-0.08843867508347171,32,6.816674045651319,6.338636363636363,1.7341652369255758,-0.4390531778826508,11.0,5.297516233766233,5.086,0.8980942130998227,-0.20227597402596054,5.0,4.49875,5.18,1.6360356047470364,8.0,8.479166666666668,5.297516233766233,-3.181650432900435,1,1.0,1.0
Tamil Nadu,Salem,8.717195729738497,8.106693548387097,2.6982884355053174,-0.08800526331821353,31,7.918179678856009,6.966499999999999,2.467633503005083,-0.4223811980248429,10.0,6.07059920214109,5.421,1.0074537461540762,-0.026682346109117117,5.0,5.627380952380952,4.755,3.140671094608028,42.0,9.765760155570929,6.07059920214109,-3.6951609534298386,1,0.9090909090909091,1.0
Tamil Nadu,Sivaganga,6.480202392052392,6.146333333333333,1.9171770921546272,-0.011715864960981032,30,6.814658767158767,6.775,2.7083846269710565,-0.4035470505684924,9.0,4.581845862470862,4.43125,0.4905790981415965,0.07080244755240275,4.0,4.244166666666667,3.425,2.8105983133112207,12.0,8.600909090909092,4.581845862470862,-4.019063228438229,1,0.8181818181818182,0.8
Tamil Nadu,Tenkasi,5.169934343434343,4.6574193548387095,1.7893860930486518,-0.028668058484647405,31,5.106652525252525,4.6205,2.0235598346623527,-0.06887304866853983,10.0,4.460414141414142,3.78,1.429768465169613,0.27243434343438955,5.0,4.413181818181818,3.4,2.904388294225888,11.0,5.752890909090909,4.460414141414142,-1.2924767676767672,1,0.9090909090909091,1.0
Tamil Nadu,Thanjavur,8.608523386335886,7.6045,3.5963463175297417,-0.20676921255345834,30,4.9235964729714725,4.196111111111112,1.2478819539285706,-0.2599235439305626,9.0,3.868447802197802,4.02625,0.8164098197048478,-0.14478571428580245,4.0,2.900714285714286,3.005,1.3162269168738716,14.0,5.7677154095904095,3.868447802197802,-1.8992676073926074,1,0.8181818181818182,0.8
Tamil Nadu,The Nilgiris,9.177092911877393,8.773275862068965,3.9846301843500767,-0.2510901142754209,29,5.501049382716049,4.3438888888888885,2.237179669539245,-0.25939342403626947,9.0,4.9175,3.6199999999999997,1.3547514691669011,-0.3206666666666361,4.0,5.056111111111111,3.78,4.948065138123296,9.0,5.967888888888888,4.9175,-1.0503888888888877,1,0.8181818181818182,0.8
Tamil Nadu,Theni,8.886592112188888,7.963709677419355,2.1287683613278996,-0.07857388960510345,31,7.884291103341103,7.481,2.252145909235696,-0.5000280250053447,10.0,6.111592307692307,5.6240000000000006,0.20438331717378055,0.11323760683761455,5.0,6.3445,5.87,3.5621095887440384,10.0,9.656989898989899,6.111592307692307,-3.5453975912975917,1,0.9090909090909091,1.0
Tamil Nadu,Thiruvallur,7.207447099756095,4.86578125,3.111371464843117,-0.15922232101270148,32,4.944053900589162,4.620454545454546,1.1876397827131482,-0.18208141214469667,11.0,4.1431860145573385,4.037999999999999,0.5924405341684883,-0.21903683897807363,5.0,3.2694117647058825,3.74,1.4746714489515762,17.0,5.751332566738816,4.1431860145573385,-1.608146552181478,1,1.0,1.0
Tamil Nadu,Thiruvarur,3.4803099647266316,3.4001851851851854,2.0083198128863944,0.02356124848845392,27,3.7482910052910055,3.526666666666667,1.1701884571278525,-0.0034280855199293418,9.0,3.5029761904761902,3.2375,0.3994155547000603,-0.17976190476190212,4.0,3.3785714285714286,2.7,1.801123987694245,7.0,3.9445428571428565,3.5029761904761902,-0.4415666666666662,1,0.8181818181818182,0.8
Tamil Nadu,Thoothukkudi,5.929516109265703,4.965322580645162,1.8034180810310418,-0.08055331765422585,31,4.946158883945125,4.512,1.5963207271186202,-0.21938201204803892,10.0,3.924657767890248,3.8199999999999994,1.1791200985002792,0.10923692992214512,5.0,3.98,3.5,2.094549474230676,33.0,5.96766,3.924657767890248,-2.0430022321097523,1,0.9090909090909091,1.0
Tamil Nadu,Tiruchirappalli,8.528424239291546,7.5337499999999995,2.872127097422031,-0.1379714117752351,30,7.15088947969717,6.1755555555555555,1.781191686380246,-0.269106082111345,9.0,5.766612790290582,4.883750000000001,0.9648101647738432,0.40605508227324427,4.0,5.622105263157894,4.41,3.183714605821776,38.0,8.258310831222442,5.766612790290582,-2.49169804093186,1,0.8181818181818182,0.8
Tamil Nadu,Tirunelveli,4.25126031262173,3.8672580645161294,1.4300435567967449,1.5876189566270933e-05,31,4.642143477063872,3.942,1.8489883527804762,-0.03262995401730687,10.0,4.166364000911369,3.7640000000000002,1.219802247069737,-0.11699040783776865,5.0,3.9803333333333333,3.42,2.743916761748122,30.0,5.1179229532163735,4.166364000911369,-0.9515589523050041,1,0.9090909090909091,1.0
Tamil Nadu,Tirupathur,9.850068745612388,8.966612903225805,2.734901466440441,-0.15152341519016807,31,7.580251206636501,6.736,3.011004989608795,-0.5988851912793152,10.0,5.490410256410256,4.7299999999999995,1.1085932737843107,-0.14125641025637461,5.0,4.685384615384615,4.2,3.0319620033475996,13.0,9.670092156862745,5.490410256410256,-4.179681900452489,1,0.9090909090909091,1.0
Tamil Nadu,Tiruppur,8.913542239033765,6.2058333333333335,2.266100881989292,-0.04298813279941713,30,8.560850674133828,6.739444444444445,2.652932724476311,-0.5008467828310086,9.0,6.344452221773531,5.3025,0.5640490602889545,0.22498353300129081,4.0,6.427826086956522,4.91,5.490849727012904,46.0,10.333969436022068,6.344452221773531,-3.9895172142485373,1,0.8181818181818182,0.8
Tamil Nadu,Tiruvannamalai,6.88412032680581,6.368064516129032,1.6485858801668265,0.020232088838754846,31,7.131398196248196,6.614,1.769042541233524,-0.3143534664830378,10.0,5.892260281385282,5.561,1.186370855673768,-0.26404383116885044,5.0,4.505714285714286,3.68,2.320052955060663,21.0,8.370536111111111,5.892260281385282,-2.4782758297258294,1,0.9090909090909091,1.0
Tamil Nadu,Vellore,13.701230218855219,13.6945,5.479666608623556,-0.31801757605972975,30,8.649607323232322,8.5975,3.2627997961557265,-0.7093326446281158,10.0,6.030909090909091,4.938,0.8987272911187539,0.26272727272729224,5.0,5.736363636363636,5.29,2.513170157873168,22.0,11.268305555555555,6.030909090909091,-5.237396464646464,1,0.9090909090909091,1.0
Tamil Nadu,Viluppuram,6.64388091857885,5.279677419354839,2.572203280549419,5.806034513136539e-06,31,6.656837990451578,4.8454999999999995,3.33551417697978,-0.7158458967251701,10.0,4.022066365518539,3.539,1.2386885569224846,0.1080225108225998,5.0,3.8609999999999998,3.795,1.6941651387162289,30.0,9.291609615384615,4.022066365518539,-5.269543249866077,1,0.9090909090909091,1.0
Tamil Nadu,Virudhunagar,5.965119134014669,5.951290322580645,2.402419267707847,0.03465086668229221,31,6.5107597916359525,6.447,2.649038627348082,-0.6146156255165895,10.0,4.26127731092437,3.964,1.1082880759343272,-0.32352661064422916,5.0,4.416190476190476,3.82,2.5276955437522064,21.0,8.760242272347536,4.26127731092437,-4.498964961423167,1,0.9090909090909091,1.0
Telangana,Adilabad,8.195086823372407,6.892666666666667,1.751826270194296,0.017474625209761698,30,8.067572607739466,6.448333333333333,1.9655728377647224,-0.006991259378534744,9.0,7.875395299145299,5.90625,2.940075763792581,1.7836367521370198,4.0,12.271666666666667,6.475,21.179931162729755,24.0,8.221314454614799,7.875395299145299,-0.3459191554694998,1,0.8181818181818182,0.8
Telangana,Bhadradri Kothagudem,8.661102949076207,8.535333333333334,1.5162366758851635,-0.08398821770507478,30,7.166003137872333,7.613333333333333,0.7671845730458657,-0.1902018757908013,9.0,6.4096875,6.69625,0.29146250294849235,0.04237499999997549,4.0,6.2175,6.935,3.2889055930506736,16.0,7.771055648170199,6.4096875,-1.3613681481701985,1,0.8181818181818182,0.8
Telangana,Hanumakonda,6.462373015873015,5.939166666666667,1.4863522218018157,0.011654517802584894,30,6.944814814814815,5.647222222222222,1.9783727257459116,-0.21630782312924549,9.0,5.829583333333334,5.06375,2.419160542725819,1.6648333333335077,4.0,9.165,8.705,8.06379253205339,6.0,7.837000000000001,5.829583333333334,-2.007416666666667,1,0.8181818181818182,0.8
Telangana,Hyderabad,6.673124603174603,6.079666666666667,1.7303725091537019,0.042763476307426614,30,6.8282333333333325,5.046,1.5538830867350086,-0.09831601731602135,10.0,6.445923809523809,4.99,1.593566300106295,0.5324952380952742,5.0,7.795333333333333,7.45,4.203564587120702,15.0,7.210542857142857,6.445923809523809,-0.764619047619048,1,0.9090909090909091,1.0
Telangana,Jagitial,6.28323429038282,5.668333333333334,1.2287377290076122,-0.019656473106108702,30,6.037947193692292,6.142222222222222,1.3784403412539386,-0.23352726423902403,9.0,5.109631185807657,5.1425,1.0128321018489297,0.14393837535005224,4.0,4.430588235294118,4.07,2.555297122127472,17.0,6.7806,5.109631185807657,-1.670968814192343,1,0.8181818181818182,0.8
Telangana,Jangaon,10.280933223864258,9.252931034482758,2.7197892417423013,-0.04548271777472684,29,9.79737037037037,8.123333333333333,2.839619686868188,-0.5654761904761787,9.0,7.643888888888889,5.005,1.7682959526424555,0.8521111111110782,4.0,8.106111111111112,7.07,4.958179384659002,18.0,11.520155555555556,7.643888888888889,-3.876266666666667,1,0.8181818181818182,0.8
Telangana,Jayashankar Bhupalapally,8.462976455026455,7.918666666666667,2.563506568654182,-0.2113830686830753,30,5.6684819223985885,5.225,2.0773816560495835,-0.5065830012957557,9.0,3.629,3.27,0.3090695714560071,0.2187999999999985,4.0,3.8560000000000003,3.28,2.7373034175991524,5.0,7.30006746031746,3.629,-3.67106746031746,1,0.8181818181818182,0.8
Telangana,Jogulamba Gadwal,8.472103703703704,7.344666666666667,4.40636862283445,-0.16099255426760117,30,4.526825396825397,4.157777777777778,1.4135716290895535,-0.10282069970845122,9.0,3.921190476190476,3.2424999999999997,1.68610171765157,1.0587619047620505,4.0,6.351428571428571,4.47,5.327946535553289,7.0,5.011333333333334,3.921190476190476,-1.0901428571428577,1,0.8181818181818182,0.8
Telangana,Kamareddy,10.15487099341882,8.924333333333333,3.5875746053313224,-0.03736458067004544,30,8.371648474981809,7.838888888888889,1.7952391512233694,-0.30479768459997986,9.0,6.946486846486847,7.05625,0.5786345424868731,0.036250416250393186,4.0,6.685714285714285,6.675000000000001,3.9393101978855176,14.0,9.511777777777777,6.946486846486847,-2.5652909312909298,1,0.8181818181818182,0.8
Telangana,Karimnagar,8.84120853174603,7.9976666666666665,3.242119541141073,-0.13682581702717891,30,7.0547361111111115,6.260000000000001,1.6630287332780307,-0.3686829081632598,9.0,5.698072916666667,4.328749999999999,0.7395866857318388,-0.08164583333326221,4.0,6.135625,5.3149999999999995,4.196892451564611,16.0,8.140066666666666,5.698072916666667,-2.441993749999999,1,0.8181818181818182,0.8
Telangana,Khammam,6.073327492638962,5.381166666666667,1.1881088206713923,-0.06199127110778987,30,5.360679184217415,4.978888888888889,0.9727163793085405,-0.20143525686136513,9.0,4.54786231884058,4.1675,0.7820489532998671,0.04143478260864274,4.0,4.024782608695652,3.87,2.8152359332183496,23.0,6.010932676518884,4.54786231884058,-1.463070357678304,1,0.8181818181818182,0.8
Telangana,Kumuram Bheem Asifabad,8.923258357383357,6.9765,1.8438034230652804,-0.0315910813069503,30,8.267146464646466,6.143888888888889,2.3158104177087733,0.03761955009277333,9.0,8.295738636363637,5.512499999999999,2.417275500692165,1.7791136363637763,4.0,11.497272727272728,4.35,19.157444553441408,11.0,8.244272727272728,8.295738636363637,0.051465909090909534,1,0.8181818181818182,0.8
Telangana,Mahabubabad,8.503492328042329,7.583166666666667,3.0587248841709673,-0.125811688000027,30,6.312173721340388,5.983333333333333,2.0133712805244866,-0.4939330255911875,9.0,4.289196428571429,4.4025,0.5594298585002705,0.20560714285715045,4.0,4.4925,4.3100000000000005,1.9710758483630204,16.0,7.930555555555555,4.289196428571429,-3.641359126984127,1,0.8181818181818182,0.8
Telangana,Mahabubnagar,6.393840656565657,6.753166666666667,1.44426871395832,0.007743746607418198,30,6.767996632996633,7.455,1.8784067730799245,0.019250618429197192,9.0,6.801742424242424,7.5875,2.187884920876152,1.282090909090963,4.0,9.073636363636364,8.45,5.466152710503564,11.0,6.741,6.801742424242424,0.0607424242424246,1,0.8181818181818182,0.8
Telangana,Mancherial,7.744714637241843,6.876166666666666,2.2587199969240803,-0.059351725282468105,30,6.326580179080179,6.173888888888889,1.2728595966858265,-0.2466772912461631,9.0,5.4179029304029305,5.45875,0.45946996174791954,0.19045787545784054,4.0,5.335714285714286,5.385,1.578966138311416,14.0,7.053521978021979,5.4179029304029305,-1.6356190476190484,1,0.8181818181818182,0.8
Telangana,Medak,9.427705581157193,8.66709677419355,3.074660916049596,-0.09330548896096821,31,7.523466666666667,7.464499999999999,3.7050472488281954,0.05024242424243743,10.0,7.114,7.034999999999999,5.316299699979299,2.5390000000006983,5.0,16.595,14.075,10.942350171362975,12.0,7.932933333333334,7.114,-0.8189333333333337,1,0.9090909090909091,1.0
Telangana,Medchal Malkajgiri,8.784249487967228,9.00258064516129,1.6024393555562846,0.07535563120896373,31,9.654218253968255,10.173,1.6184456116200876,-0.3026890331890292,10.0,8.82052380952381,9.291,0.34891695079023116,0.009809523809489545,5.0,8.805,8.805,4.122432534317572,2.0,10.487912698412698,8.82052380952381,-1.6673888888888886,1,0.9090909090909091,1.0
Telangana,Mulugu,8.354049753049095,7.644666666666667,2.2080147472354286,-0.09612151510377548,30,6.605034368490509,6.341111111111111,1.198835567967464,-0.29073408176738075,9.0,5.363080253080253,4.9425,0.2559249087051919,-0.009607725607735505,4.0,5.218181818181818,4.57,3.6175262768411733,11.0,7.598597660818713,5.363080253080253,-2.2355174077384605,1,0.8181818181818182,0.8
Telangana,Nagarkurnool,15.076375,13.559499999999998,7.843790994467998,-0.13293887209045493,30,10.819407407407407,11.049444444444445,2.6070925964236786,-0.5066304421768751,9.0,8.7495,8.315,2.676938736691597,-0.6606000000002589,4.0,5.498,3.76,5.1112290324561105,10.0,12.475333333333333,8.7495,-3.725833333333334,1,0.8181818181818182,0.8
Telangana,Nalgonda,7.974958596251247,6.869666666666666,1.8405897884681606,-0.061658600201629665,30,6.658856783063879,5.943333333333333,1.1815917627398262,-0.07448156548096486,9.0,6.114259312695866,5.7325,1.5469854481162708,1.1685216183388973,4.0,7.839032258064516,7.78,4.6133114316715504,31.0,7.0945347593582895,6.114259312695866,-0.9802754466624233,1,0.8181818181818182,0.8
Telangana,Narayanpet,9.800009523809525,8.735833333333334,3.5205326941982453,-0.14611252933564664,30,6.756481481481481,5.612777777777778,2.3288445207221398,-0.5019583333333293,9.0,4.730625,3.58875,1.3414722728391726,0.9834166666667049,4.0,6.1225,6.055,3.2195640787446456,8.0,8.377166666666666,4.730625,-3.646541666666666,1,0.8181818181818182,0.8
Telangana,Nirmal,9.202281803622933,7.780166666666667,2.886280710293256,-0.021041025994297708,30,7.928970532813515,7.203888888888888,1.1440863866498312,-0.041496637426896146,9.0,7.6190625,7.007499999999999,1.2981314194994533,0.9348750000000379,4.0,8.94625,7.13,4.932824579623052,16.0,8.176896959064328,7.6190625,-0.5578344590643276,1,0.8181818181818182,0.8
Telangana,Nizamabad,8.732560040939454,7.715833333333333,3.233070349460877,-0.11346576132833498,30,6.447354497354498,5.591666666666667,2.229572334009372,-0.1798471817298262,9.0,5.71625,5.0175,2.692487619903448,0.888500000000301,4.0,9.27,9.27,0.0,1.0,7.032238095238095,5.71625,-1.3159880952380956,1,0.8181818181818182,0.8
Telangana,Peddapalli,9.091815499315498,7.3389999999999995,4.521434211969166,0.018915211435225263,30,7.460732600732602,6.22,1.1432140394670964,-0.18331442027360295,9.0,6.844188034188035,5.2875,1.4978273207342574,-0.5767521367520587,4.0,6.612307692307693,4.85,5.013237732653676,13.0,7.953968253968253,6.844188034188035,-1.1097802197802187,1,0.8181818181818182,0.8
Telangana,Rajanna Sircilla,9.451516666666667,8.8055,3.4787039072381134,-0.130218497320499,30,7.085740740740741,7.000555555555556,2.532853451137328,-0.5055238095238117,9.0,4.7025,4.7025,0.5348130514488219,0.22299999999996037,4.0,4.609999999999999,4.609999999999999,3.804234482783626,2.0,8.992333333333333,4.7025,-4.289833333333333,1,0.8181818181818182,0.8
Telangana,Ranga Reddy,11.359791975306393,10.489354838709678,1.872262250587817,-0.06032177426063717,31,10.220036174996315,9.64,1.427111113579657,-0.18614429120931977,10.0,9.390879072681704,8.461,0.8174221297766907,0.4918095238095853,5.0,10.267083333333334,9.655000000000001,5.453205263414127,24.0,11.049193277310923,9.390879072681704,-1.6583142046292192,1,0.9090909090909091,1.0
Telangana,Sangareddy,9.565859447004607,8.59758064516129,3.2776555835291328,0.08724013861467364,31,10.593384920634922,10.308,2.278743648036384,-0.14090223665226032,10.0,9.513849206349207,8.612,2.7731190610315646,1.4879365079368747,5.0,14.329166666666666,10.71,12.038840373401081,24.0,11.672920634920635,9.513849206349207,-2.159071428571428,1,0.9090909090909091,1.0
Telangana,Siddipet,11.251127021723796,10.095161290322581,2.8540382659242685,-0.056287963041949475,31,9.871082584082583,9.9625,2.7132134367231524,-0.5743710380528938,10.0,7.688666666666667,7.764,1.8649182287703663,0.0899999999999333,5.0,6.196666666666666,6.97,2.3859239999072335,3.0,12.0534985014985,7.688666666666667,-4.364831834831834,1,0.9090909090909091,1.0
Telangana,Suryapet,5.495926707551708,5.350833333333333,1.3484395338607456,-0.041554246163372596,30,5.315962081128748,5.2061111111111105,1.494965790370033,-0.29421601878846276,9.0,4.1726785714285715,4.2225,0.8069128148792323,0.19721428571424168,4.0,3.905,4.1899999999999995,1.3022096605385785,6.0,6.230588888888889,4.1726785714285715,-2.0579103174603173,1,0.8181818181818182,0.8
Telangana,Vikarabad,11.459518857482054,10.709999999999999,3.486994021774836,-0.11535940421797447,31,8.813394352855264,8.599,1.56365177727639,-0.19320607283097616,10.0,7.840951027457409,8.011,1.333999813985782,0.5628698261227901,5.0,9.567894736842105,9.305,4.954294428666659,38.0,9.78583767825312,7.840951027457409,-1.944886650795711,1,0.9090909090909091,1.0
Telangana,Wanaparthy,9.711302116402116,9.103,2.752395566313283,0.02154238335858511,30,10.273333333333333,10.15611111111111,3.4064699470272735,-0.5210969387755153,9.0,7.44375,7.18,2.6442055360101393,1.6725000000002177,4.0,11.125,10.07,5.736719445815701,6.0,12.536999999999999,7.44375,-5.093249999999999,1,0.8181818181818182,0.8
Telangana,Warangal,8.073362962962964,6.4055,2.636482323563223,-0.00985700936962329,30,7.570154320987655,6.975555555555555,1.2005371568233152,-0.18427409297052413,9.0,6.593020833333333,6.43625,0.4007809758770994,0.17762499999999193,4.0,6.66875,5.945,4.452519150516288,8.0,8.351861111111111,6.593020833333333,-1.7588402777777778,1,0.8181818181818182,0.8
Telangana,Yadadri Bhuvanagiri,11.805567140593611,11.696,2.074439304152188,-0.07853603610159424,30,10.705853992775562,10.217222222222222,2.3575245882426206,-0.5262043950913673,9.0,8.422683006535948,7.8774999999999995,1.05969363266606,0.6836248366013528,4.0,9.494,9.36,4.156819887720344,20.0,12.532390781767251,8.422683006535948,-4.109707775231303,1,0.8181818181818182,0.8
Tripura,Dhalai,3.6343880872214207,3.421111111111111,0.7502991940253998,0.04482146550737749,27,3.9022859110586383,3.6604545454545456,0.3451379751694435,0.06361402990947526,11.0,4.062041125541126,3.8240000000000003,0.21949635585002852,0.09160173160173073,5.0,4.207857142857143,4.0200000000000005,2.1184107924843767,14.0,3.719351515151515,4.062041125541126,0.3426896103896109,1,1.0,1.0
Tripura,Gomati,3.8297187934287935,3.6756,0.9148003351507323,0.07141286503417704,25,4.420031889827344,4.031363636363636,0.5316975058045136,0.03592871497188215,11.0,4.643207459207459,4.324,0.41156814537992076,0.020078088578055115,5.0,4.454615384615384,3.87,2.4451571707650186,13.0,4.155862698412699,4.643207459207459,0.48734476079475986,1,1.0,1.0
Tripura,Khowai,3.6268021978021974,3.420576923076923,0.804890525387158,0.004241381773461704,26,3.7903809523809526,3.5927272727272723,0.5371082701630565,0.07348917748915389,11.0,3.9057714285714282,3.522,0.2972582468260931,0.07505714285717639,5.0,4.336,3.31,2.106188500585833,5.0,3.4580666666666664,3.9057714285714282,0.4477047619047618,1,1.0,1.0
Tripura,North Tripura,4.200688387635756,4.327037037037037,1.3373341445064433,-0.09502639513525786,27,3.3944927090453407,3.321818181818182,0.19442230697924134,-0.015423427887903171,11.0,3.3677315789473683,3.272,0.21790955394291428,-0.11654912280704616,5.0,3.1455,2.61,1.7631833501697407,20.0,3.370628571428571,3.3677315789473683,-0.002896992481202787,1,1.0,1.0
Tripura,Sepahijala,3.6146460622710626,3.4984615384615383,0.7091180687086848,-0.03755607784442249,26,3.3778084415584417,3.331363636363636,0.6583842413463787,-0.08106818181816997,11.0,3.198,3.0420000000000003,0.5656616700820375,-0.08325000000006505,5.0,2.4025,2.01,1.4174398450324848,8.0,3.6256785714285713,3.198,-0.42767857142857135,1,1.0,1.0
Tripura,South Tripura,4.219084142211717,4.165217391304347,0.5833548771050606,0.0031872012733794265,23,4.128448660988135,3.950909090909091,0.5579844553193413,0.0676077869498762,11.0,4.439403846153846,4.062,0.3801324706813039,0.14012500000001016,5.0,4.385000000000001,4.11,2.2562859904250248,18.0,3.8265165413533837,4.439403846153846,0.6128873048004624,1,1.0,1.0
Tripura,Unakoti,5.000122574955908,5.111666666666666,1.3851710516879552,0.040903833229468625,27,4.9339372294372295,5.089545454545455,0.6723029914226316,-0.09229242424243969,11.0,4.8331333333333335,4.811999999999999,0.3662583787437497,-0.17386666666672282,5.0,4.309,4.16,1.7436898934284284,10.0,5.077528571428571,4.8331333333333335,-0.24439523809523767,1,1.0,1.0
Tripura,West Tripura,4.800837218337218,4.6375,0.9146458614104932,-0.04747388850228244,26,4.443342516069789,4.055454545454546,0.43338872273099077,-0.048843709825527666,11.0,4.166553535353535,3.5509999999999997,0.2410787741155328,0.035088888888917015,5.0,4.306,3.755,1.9069067447920292,10.0,4.5728,4.166553535353535,-0.40624646464646474,1,1.0,1.0
Uttar Pradesh,Agra,16.382329555119803,14.165806451612903,3.2882821887011024,0.24257214884898326,31,19.46540096015096,16.314500000000002,2.54901473178275,-0.1521228947820267,10.0,19.078039682539682,15.684999999999999,2.585454083661143,-1.5077936507939842,5.0,15.172142857142857,8.525,14.45612948442043,14.0,19.85276223776224,19.078039682539682,-0.7747225552225565,1,0.9090909090909091,1.0
Uttar Pradesh,Aligarh,7.154405260562756,6.948225806451613,0.9388631945233258,0.029427403994926327,31,7.776451515151516,7.994,1.1729594172098212,0.10999081726353234,10.0,8.177,8.604000000000001,1.1015294922162646,-0.622166666666746,5.0,7.16,8.02,3.163113294570037,8.0,7.37590303030303,8.177,0.8010969696969692,1,0.9090909090909091,1.0
Uttar Pradesh,Ambedkar Nagar,5.668577633835699,5.846129032258064,0.6861211647551996,0.0222847163092476,31,5.970176573426573,6.085,1.0696798240703072,-0.04736082604265484,10.0,5.456735930735931,5.536,1.2951580906033613,0.779243867243938,5.0,6.662727272727273,6.78,1.354127696408953,11.0,6.483617216117215,5.456735930735931,-1.0268812853812843,1,0.9090909090909091,1.0
Uttar Pradesh,Amethi,5.803687850257471,5.5680645161290325,0.6166398063411956,0.01972775824503167,31,6.007922683982684,5.75,0.6597116268500806,0.012637793519605605,10.0,5.947274747474748,5.629,0.7098960612899013,0.3418808080808036,5.0,6.173,6.045,1.846910094333702,30.0,6.06857062049062,5.947274747474748,-0.12129587301587197,1,0.9090909090909091,1.0
Uttar Pradesh,Amroha,10.658624819624821,10.607727272727272,5.938552570442211,0.5507879874885003,22,15.642244047619048,15.3535,2.696822421516444,0.6466493506493778,10.0,17.48090476190476,16.223000000000003,2.593461965401921,0.9359523809526926,5.0,22.018333333333334,17.165,13.244883414612099,6.0,13.803583333333332,17.48090476190476,3.677321428571428,1,0.9090909090909091,1.0
Uttar Pradesh,Auraiya,6.616571971934875,5.7941935483870965,1.4167425273950451,0.11024061326992737,31,8.278171933621934,6.6765,1.149943168780207,0.08280680506362216,10.0,8.72409126984127,6.840000000000001,1.0271865501253905,-0.6141626984128151,5.0,7.32125,6.95,4.934593448299465,8.0,7.832252597402598,8.72409126984127,0.8918386724386727,1,0.9090909090909091,1.0
Uttar Pradesh,Ayodhya,5.165488203976744,5.002580645161291,0.774434563646523,0.032483048739654734,31,5.8173469696969695,5.803,0.5119358170812349,0.027089118457298552,10.0,5.726727272727272,5.5840000000000005,0.59045493036589,0.3722727272727816,5.0,6.416363636363636,5.87,1.412758101921718,11.0,5.907966666666667,5.726727272727272,-0.1812393939393946,1,0.9090909090909091,1.0
Uttar Pradesh,Azamgarh,5.60749993621523,5.59296875,0.7061852581954515,0.012488977404701639,32,5.714056814100932,5.620454545454546,1.0793903022812923,-0.03646384106088777,11.0,5.60900641025641,5.45,1.0178141385760984,0.49421474358976,5.0,5.858333333333333,5.65,1.373064477949255,12.0,6.264775723622782,5.60900641025641,-0.6557693133663722,1,1.0,1.0
Uttar Pradesh,Baghpat,18.51187380952381,18.467,6.27961276080964,0.5144971972218545,30,23.09026455026455,23.185,3.977524534623561,-0.3299837151841853,9.0,22.72647619047619,22.897,4.771882862604842,-2.663761904762252,5.0,19.463333333333335,20.485,7.975293516019749,6.0,22.176666666666666,22.72647619047619,0.5498095238095253,1,0.8181818181818182,1.0
Uttar Pradesh,Bahraich,5.011670403917452,4.0445,0.659751865186988,-0.053436163680297785,30,4.257678495115995,3.617,0.3707657612106483,-0.06004021672771994,10.0,3.9987072649572646,3.386,0.3204989589239026,0.18566773504276088,5.0,4.458333333333333,3.38,2.2705997420077804,24.0,4.516649725274725,3.9987072649572646,-0.5179424603174603,1,0.9090909090909091,1.0
Uttar Pradesh,Ballia,5.730737709709732,5.550000000000001,0.6887746390625972,0.000817709269469933,31,5.643669467787115,5.372,1.041007066664814,-0.1161723962312325,10.0,4.991001633986928,4.672,1.0816331392088079,0.6457361111111868,5.0,5.87,5.71,2.0518641930368267,16.0,6.296337301587302,4.991001633986928,-1.3053356676003744,1,0.9090909090909091,1.0
Uttar Pradesh,Balrampur,4.471677185173621,4.130967741935484,0.5490031708314951,-0.015127424979336153,31,4.427521121431028,4.046,0.6869626769805993,-0.07945203427464513,10.0,3.9950278637770893,3.654,0.6702008204565465,0.3247492260061917,5.0,4.237058823529412,4.02,2.027790560887275,17.0,4.8600143790849675,3.9950278637770893,-0.8649865153078782,1,0.9090909090909091,1.0
Uttar Pradesh,Banda,8.25190926206651,6.86546875,1.4707890422070555,-0.10583499261036444,32,7.193165404040403,6.578636363636363,1.2322559512913076,0.029341035353538637,11.0,7.405844444444445,6.5409999999999995,1.0145198876656565,0.48906666666669363,5.0,7.697,7.205,3.092485695646429,10.0,7.486619444444445,7.405844444444445,-0.08077500000000004,1,1.0,1.0
Uttar Pradesh,Bara Banki,6.02064047148462,5.68875,0.7639559197633279,0.019745511219447596,32,6.187364503970807,5.798181818181818,1.152627224926932,0.04040745764182181,11.0,6.382565149359886,5.9399999999999995,0.6118644795882737,0.3080605263158107,5.0,6.591333333333334,6.05,2.3074657487854897,45.0,6.562970092709223,6.382565149359886,-0.18040494334933754,1,1.0,1.0
Uttar Pradesh,Bareilly,5.8836025533606175,5.529193548387097,0.46631424662768495,-0.02076983159586323,31,5.624954623154624,5.39,0.49889664069171297,-0.028043752207383497,10.0,5.611938228438229,5.293,0.4573912755894991,0.06629487179493786,5.0,6.066666666666666,5.865,3.04104746706948,12.0,5.637971017871019,5.611938228438229,-0.026032789432790082,1,0.9090909090909091,1.0
Uttar Pradesh,Basti,4.280394170911149,4.030806451612903,0.569485571168349,-0.008582124729188753,31,4.3669302631578955,4.244,0.8258467892357887,-0.07813559466850312,10.0,3.8788533834586465,3.808,0.815431430862223,0.35299624060148227,5.0,4.081052631578948,4.04,0.8034294184365897,19.0,4.855007142857143,3.8788533834586465,-0.9761537593984961,1,0.9090909090909091,1.0
Uttar Pradesh,Bhadohi,9.218379416282643,9.211612903225806,1.8881035269032362,0.00011413676236117653,31,9.000666666666666,8.878,2.4031232506937075,-0.13985858585858615,10.0,8.455,8.043000000000001,2.056447178995853,1.221000000000238,5.0,11.775,12.115,3.998420521489287,4.0,10.770416666666666,8.455,-2.315416666666666,1,0.9090909090909091,1.0
Uttar Pradesh,Bijnor,8.058797932330826,7.251774193548387,1.5084318348139467,0.05897389297919174,31,9.021173881673882,8.83,0.6039947024785132,-0.01864082382264786,10.0,8.915887445887446,8.288,0.6028088460702801,0.16600865800873915,5.0,9.334285714285715,8.64,4.64411242540275,14.0,9.126460317460317,8.915887445887446,-0.21057287157287163,1,0.9090909090909091,1.0
Uttar Pradesh,Budaun,10.035103695552925,10.129354838709677,4.705506914386421,0.4184380864989155,31,16.11477857142857,16.971,2.8217777736269722,0.675451731601747,10.0,18.324,19.101999999999997,1.1489207496119538,-0.46466666666676915,5.0,17.28333333333333,17.36,0.3906831623366083,3.0,13.905557142857143,18.324,4.418442857142859,1,0.9090909090909091,1.0
Uttar Pradesh,Bulandshahr,8.277305631881296,8.069193548387098,2.267036756825807,0.15846318510897137,31,10.306000000000001,10.6205,3.018367145034252,0.6562818181818489,10.0,11.84,11.74,3.416028395666523,1.6349999999999687,5.0,13.25,13.25,1.9516147160748722,2.0,8.772,11.84,3.0679999999999996,1,0.9090909090909091,1.0
Uttar Pradesh,Chandauli,6.717934905596196,6.279032258064516,1.0643983011481095,-0.030270123559321595,31,6.506690476190476,6.401000000000001,1.3616470468781952,-0.061512554112552686,10.0,6.414166666666667,6.197,0.976524093689222,0.455166666666675,5.0,6.5675,6.385,2.564236994436428,12.0,7.391875000000001,6.414166666666667,-0.9777083333333341,1,0.9090909090909091,1.0
Uttar Pradesh,Chitrakoot,11.821318364998971,11.175625,1.6425540881417386,0.04796727603438344,32,12.189671717171716,11.993636363636364,1.9732633698190098,0.18258207070704652,11.0,13.063944444444445,13.284,2.1348155694186084,0.2876944444442898,5.0,11.232222222222223,11.07,3.2457579152556097,9.0,11.685833333333333,13.063944444444445,1.378111111111112,1,1.0,1.0
Uttar Pradesh,Deoria,4.4696063301351,4.282258064516129,0.6043630433988975,-0.011603662871470669,31,4.217497751124438,4.0385,0.8845776324604119,0.048094893462360976,10.0,4.240295502248875,4.101999999999999,1.112615562596144,0.6444172413793541,5.0,5.117586206896552,5.11,1.1718808300347585,29.0,4.1947,4.240295502248875,0.045595502248874986,1,0.9090909090909091,1.0
Uttar Pradesh,Etah,8.217647302518271,8.073387096774194,1.8567053372120672,0.13827665560555313,31,10.395690476190477,10.306000000000001,1.4682014982044547,0.07929653679652433,10.0,10.746,10.764,1.6522008049870938,-1.0215000000002057,5.0,8.48,7.72,3.873086624386292,5.0,10.045380952380953,10.746,0.7006190476190479,1,0.9090909090909091,1.0
Uttar Pradesh,Etawah,15.699532907952264,11.210806451612903,3.058352443659435,-0.22923605150744536,31,13.008516666666665,8.6035,2.7855833159654697,-0.438559090909117,10.0,11.998833333333334,8.836,3.6299228833253308,-1.6195000000000535,5.0,10.7275,7.529999999999999,10.340563330882897,8.0,14.018199999999998,11.998833333333334,-2.0193666666666648,1,0.9090909090909091,1.0
Uttar Pradesh,Farrukhabad,9.504116743471581,9.652096774193547,3.3182645067017056,0.1345942850091636,31,11.664183333333332,12.365,4.48319981244795,0.5163257575758277,10.0,13.521866666666664,14.996,3.8667963598939217,1.7995333333336814,5.0,17.656,19.18,9.3537815882134,5.0,9.8065,13.521866666666664,3.7153666666666645,1,0.9090909090909091,1.0
Uttar Pradesh,Fatehpur,10.377814277177121,9.31741935483871,1.060738331951172,-0.0025738577006235094,31,10.552127967620615,8.306999999999999,1.4621901813407736,-0.035863817851796397,10.0,9.911777836134453,8.200000000000001,2.0885891091918913,1.3141754201678526,4.0,,,,,10.934833666333665,9.911777836134453,-1.0230558301992119,0,0.9090909090909091,0.8
Uttar Pradesh,Firozabad,9.987462365591398,9.370645161290323,5.5797378299803855,0.4679029429911102,31,17.095033333333333,16.012,3.7911441364003764,0.7685848484848525,10.0,19.5482,19.184000000000005,2.4376917770710875,-0.8618000000003343,5.0,17.566,17.57,8.666661987178223,5.0,14.641866666666667,19.5482,4.906333333333334,1,0.9090909090909091,1.0
Uttar Pradesh,Gautam Buddha Nagar,14.480870967741934,14.182822580645162,4.834291161502851,0.32666685895853614,31,18.665983333333337,16.4705,6.563285977130099,0.1591424242423806,10.0,20.42866666666667,15.782000000000002,8.718691160693535,-5.095333333333983,5.0,8.463333333333333,8.86,4.12931390588477,3.0,16.9033,20.42866666666667,3.5253666666666668,1,0.9090909090909091,1.0
Uttar Pradesh,Ghaziabad,10.412265625,9.43515625,3.3868576119493055,0.2535898399315791,32,14.095984848484848,13.522272727272728,3.1683541735721277,0.6838560606059922,11.0,16.022,16.022,2.9825609800974737,0.14199999999991725,5.0,15.26,15.26,10.663170260293137,2.0,11.969166666666666,16.022,4.052833333333332,1,1.0,1.0
Uttar Pradesh,Ghazipur,7.083656001280107,6.3978125,0.9749158207784153,-0.029877688211345125,32,6.661198896914137,5.818181818181818,1.265954575016669,-0.06029898198951098,11.0,6.372857843137255,5.4399999999999995,1.4466616923189957,0.8380245098039826,5.0,7.654705882352941,7.2,3.422176057801269,17.0,7.325779730073847,6.372857843137255,-0.9529218869365925,1,1.0,1.0
Uttar Pradesh,Gonda,4.374840881592718,4.1732258064516135,0.5479134652905758,-0.003162818356073717,31,4.619854542317586,4.174,0.6956920258460927,-0.09619897136242644,10.0,4.115777338603426,3.8519999999999994,0.3551850091427655,0.20422705314010933,5.0,4.408333333333333,4.21,0.8079478387525569,24.0,5.1239317460317455,4.115777338603426,-1.0081544074283197,1,0.9090909090909091,1.0
Uttar Pradesh,Gorakhpur,5.232600546406998,5.000322580645161,0.613963639269008,0.012151668150252386,31,5.457820634920635,5.192,0.7149285922182086,0.009504761904747519,10.0,5.271288888888888,5.09,0.5356703749669973,0.28006666666667435,5.0,5.488666666666666,5.4,1.16245962551496,15.0,5.644352380952381,5.271288888888888,-0.3730634920634932,1,0.9090909090909091,1.0
Uttar Pradesh,Hamirpur,10.80214178222126,9.512656250000001,1.9703355036578225,-0.10098366470159417,32,9.408562417528996,7.265,2.182223150898681,-0.348585099659617,11.0,8.384789915966387,5.586,2.3113209927018543,-0.3466722689077362,5.0,5.03,5.03,0.0,1.0,10.894047402597403,8.384789915966387,-2.509257486631016,1,1.0,1.0
Uttar Pradesh,Hapur,9.167761523199022,8.80015625,3.4045110398481655,0.3253060029128628,32,13.062311688311688,13.695,2.1495508955995026,0.469210822510738,11.0,14.214666666666664,15.023000000000001,2.768417969807946,1.4705000000003408,5.0,17.015,17.015,4.1790010768124946,2.0,11.922419047619048,14.214666666666664,2.2922476190476164,1,1.0,1.0
Uttar Pradesh,Hardoi,5.149787340798193,4.676129032258065,0.6904180568245367,0.0440590207921646,31,5.917762851662404,5.292,0.5522621837865818,0.016963335400039102,10.0,5.864541062801932,5.029999999999999,0.7800675442043269,0.4890579710145628,5.0,6.888888888888889,5.8,4.062873351371053,18.0,5.970984640522876,5.864541062801932,-0.10644357772094448,1,0.9090909090909091,1.0
Uttar Pradesh,Hathras,9.204044127915095,8.797741935483872,2.0620203632773157,-0.05814493441323342,31,8.115383333333334,6.5145,3.162712958769402,-0.22491515151517705,10.0,6.5873333333333335,4.728,2.921409857509821,1.3806666666669891,5.0,9.17,5.04,6.5689192413973245,5.0,9.643433333333334,6.5873333333333335,-3.0561000000000007,1,0.9090909090909091,1.0
Uttar Pradesh,Jalaun,9.531075856630634,7.119032258064516,0.9888453833226986,-0.005563289162556833,31,9.372103423308717,6.986500000000001,1.0229664695435878,-0.11666650770502363,10.0,9.050162719633308,6.726999999999999,0.8256091236847762,-0.10151693404642417,5.0,8.79029411764706,6.4350000000000005,7.499377948059634,34.0,9.694044126984128,9.050162719633308,-0.6438814073508201,1,0.9090909090909091,1.0
Uttar Pradesh,Jaunpur,6.424802677303668,5.8990625,1.0380253649003857,-0.022734298818270264,32,5.91978755284116,5.297727272727273,1.180099571331796,0.11741210622998925,11.0,6.35629105278306,5.677,0.9599683258608116,0.5458140816156316,5.0,7.076874999999999,6.385,3.291499594916173,16.0,5.877241563467493,6.35629105278306,0.47904948931556746,1,1.0,1.0
Uttar Pradesh,Jhansi,7.705761753415753,7.11,0.5967672823816168,-0.0364275237511224,31,7.334571884840305,6.907000000000001,0.49347949258035345,0.06132940743466451,10.0,7.467866666666666,6.9670000000000005,0.26568513110238007,0.07036666666665604,5.0,7.340999999999999,6.435,3.745921150152242,20.0,7.201277103013945,7.467866666666666,0.2665895636527207,1,0.9090909090909091,1.0
Uttar Pradesh,Kannauj,10.108926907322068,9.345322580645162,3.3851294165581027,0.19712045594767647,31,12.752758333333334,11.676,4.55267363490983,0.18028560606064312,10.0,14.045333333333335,12.692,6.475656702004996,-1.6646666666672711,5.0,8.351666666666667,5.16,8.83093973859332,6.0,11.460183333333333,14.045333333333335,2.5851500000000023,1,0.9090909090909091,1.0
Uttar Pradesh,Kanpur Dehat,8.922095891989274,6.942333333333334,1.1283338307014712,0.011681063063233224,30,9.378067901234568,7.2588888888888885,1.5963683900859378,-0.03317076023391564,9.0,9.542822222222222,7.651999999999999,2.2170172677343087,-0.7609555555558675,5.0,7.108,5.859999999999999,4.199647604263958,10.0,9.172125,9.542822222222222,0.3706972222222227,1,0.8181818181818182,1.0
Uttar Pradesh,Kanpur Nagar,8.79326177353937,7.18741935483871,1.624055588765798,-0.05897533363072664,31,8.517724603174603,7.223000000000001,1.6279330646987082,-0.2653326479076507,10.0,7.988039682539683,6.664,1.3337279415210166,-0.3463948412697586,5.0,7.728888888888889,6.27,3.8602543178776187,18.0,9.047409523809524,7.988039682539683,-1.0593698412698407,1,0.9090909090909091,1.0
Uttar Pradesh,Kasganj,6.043084485407066,5.688870967741935,0.7031369359258868,0.008827908376174498,31,6.036804112554113,5.267,0.7017708598877109,0.1067766627312164,10.0,6.4357748917748925,5.212000000000001,0.6822228391708343,0.23504761904768612,5.0,6.8185714285714285,6.01,2.910458217011032,14.0,5.637833333333333,6.4357748917748925,0.7979415584415595,1,0.9090909090909091,1.0
Uttar Pradesh,Kaushambi,14.354573731560448,14.948064516129032,1.2959742722368643,0.020135301640334863,31,14.441076984126985,15.1655,1.022518660132694,0.005314357864361419,10.0,14.630142857142857,15.432999999999998,0.36126492625049506,0.017571428571454273,5.0,14.825000000000001,15.865,2.773032635942102,6.0,14.252011111111111,14.630142857142857,0.3781317460317464,1,0.9090909090909091,1.0
Uttar Pradesh,Kheri,5.0894398375506364,4.4917741935483875,0.43008239099615636,-0.02455262123432103,31,4.870208791208791,4.236,0.49931742938345347,-0.08785214785215659,10.0,4.530608058608058,4.104,0.39620795122983826,0.09009523809527946,5.0,4.6171428571428565,4.42,1.2121515699661611,21.0,5.209809523809524,4.530608058608058,-0.6792014652014657,1,0.9090909090909091,1.0
Uttar Pradesh,Kushinagar,3.7622092146205053,3.6519354838709677,0.6951250521168029,0.0035508552011361415,31,3.7609583333333334,3.729,1.1765321408581333,0.03195530303030208,10.0,3.7477000000000005,3.6369999999999996,1.394831154656362,0.6870999999999955,5.0,4.4625,4.385,1.0880448826526716,28.0,3.7742166666666663,3.7477000000000005,-0.026516666666665856,1,0.9090909090909091,1.0
Uttar Pradesh,Lalitpur,6.0875488866374585,5.896774193548388,0.6084863694424952,-0.023049330459986844,31,5.9921016258595206,5.089,0.7004944172360067,0.10406883262935972,10.0,6.397433166248955,5.61,0.21899586061573265,0.01929928989142158,5.0,6.518421052631578,6.3,3.216765565246306,19.0,5.586770085470086,6.397433166248955,0.8106630807788697,1,0.9090909090909091,1.0
Uttar Pradesh,Lucknow,12.150667502875832,10.3525,3.2226954718419942,0.18799278541095743,32,13.763989181452315,11.269090909090908,2.675568626394969,-0.45859866378717973,11.0,11.507917647058823,9.525,0.8334277266709508,-0.4747294117647544,5.0,11.01275,7.175,11.194306056746228,20.0,14.885358552136271,11.507917647058823,-3.3774409050774477,1,1.0,1.0
Uttar Pradesh,Mahoba,6.431182348033911,6.1228125,1.006448373038802,0.03937014540831542,32,7.105233766233766,6.744545454545454,1.1066042563859468,0.03106666666669259,11.0,6.974542857142856,6.42,0.8972945741697466,0.0876380952381742,5.0,8.262,7.0,2.5388324088052765,5.0,7.310304761904762,6.974542857142856,-0.33576190476190604,1,1.0,1.0
Uttar Pradesh,Mahrajganj,3.900022308336825,3.9583870967741936,0.6089055851753664,0.004207063344273562,31,3.9579690476190477,3.8299999999999996,0.9302291221570065,0.0032865800865738565,10.0,3.7036380952380954,3.618,1.266570945899886,0.5844952380952185,5.0,4.205333333333333,4.24,0.8306870363626438,15.0,4.2123,3.7036380952380954,-0.5086619047619045,1,0.9090909090909091,1.0
Uttar Pradesh,Mainpuri,4.88474517507582,4.93741935483871,1.2225427803203381,0.06925954929099291,31,6.020797619047619,6.389,0.7225450395972981,0.11669588744588194,10.0,6.368261904761905,6.761,0.3566451452595256,-0.20316666666671593,5.0,5.7925,6.205,1.4617577481531316,8.0,5.673333333333334,6.368261904761905,0.6949285714285711,1,0.9090909090909091,1.0
Uttar Pradesh,Mathura,6.1546818881541245,4.92225806451613,0.8024810577440309,-0.05725606686678288,31,5.73233321237586,4.2635,0.4767058080963761,-0.08327207213464445,10.0,5.5384166666666665,3.803,0.5581349460977656,-0.27679166666669053,5.0,5.115,3.465,3.447231536052937,20.0,5.926249758085052,5.5384166666666665,-0.3878330914183854,1,0.9090909090909091,1.0
Uttar Pradesh,Mau,5.4171325757575755,5.43640625,1.1142467246029009,0.013515395497708818,32,5.3746536796536795,5.460909090909091,1.646752656749909,-0.04185930735931024,11.0,5.324523809523809,5.308,1.4508724601740879,0.8397619047619865,5.0,6.275,6.44,0.8886587003536766,8.0,6.204714285714286,5.324523809523809,-0.8801904761904771,1,1.0,1.0
Uttar Pradesh,Meerut,10.611047055375181,9.42203125,2.678689283449317,0.2481462100847213,32,13.66994227994228,12.065454545454545,1.4865882359850433,0.04517676767681383,11.0,13.802178571428573,12.543,1.7574694745803219,-0.6249642857145443,5.0,10.99125,10.865,5.35697792603255,8.0,13.433599206349205,13.802178571428573,0.36857936507936806,1,1.0,1.0
Uttar Pradesh,Mirzapur,9.272234220881929,8.889999999999999,1.5598392466796211,-0.043011282276780805,31,8.416342503987241,7.2325,2.0378870257150803,0.13008473893642694,10.0,8.729185007974483,7.434,2.3180818193195876,1.4372456140352612,5.0,11.077894736842104,10.07,5.0293290682945955,19.0,8.790486111111111,8.729185007974483,-0.0613011031366284,1,0.9090909090909091,1.0
Uttar Pradesh,Moradabad,6.256070079562015,6.027338709677419,2.2391212929871283,0.14833674001939712,31,8.487099206349207,9.0455,1.1353633192705548,0.010847943722942574,10.0,8.39311111111111,8.15,1.604085320207804,0.1631111111111403,5.0,9.465555555555556,11.2,6.00336803617584,9.0,8.581087301587301,8.39311111111111,-0.1879761904761903,1,0.9090909090909091,1.0
Uttar Pradesh,Muzaffarnagar,8.939402997176435,9.14328125,3.5522309302044084,0.32384180084029407,32,13.25888961038961,15.083181818181817,1.662659376480256,0.09163261183262203,11.0,12.907404761904763,14.476999999999999,1.5570279883363003,0.6577023809526301,5.0,15.348333333333334,15.184999999999999,4.17307280869465,6.0,13.402152380952382,12.907404761904763,-0.49474761904761877,1,1.0,1.0
Uttar Pradesh,Pilibhit,4.027887573895638,3.9417741935483868,0.36095455284845485,0.02802349075118644,31,4.345366161616162,4.321,0.2803241199182438,0.00017688246096992478,10.0,4.271482323232323,4.316,0.34883871421050355,0.16547222222226038,5.0,4.59125,4.779999999999999,0.7445888127013459,8.0,4.41925,4.271482323232323,-0.14776767676767655,1,0.9090909090909091,1.0
Uttar Pradesh,Pratapgarh,7.563460039228037,6.686935483870968,0.9032194547880025,0.00904169436192527,31,7.531791140416596,6.8454999999999995,0.7353560951342099,-0.022050261062788203,10.0,7.475125347679695,6.56875,0.7188866957773116,0.38893500219590005,4.0,8.502272727272727,7.275,3.124151590459906,22.0,7.841259780467212,7.475125347679695,-0.3661344327875167,1,0.9090909090909091,0.8
Uttar Pradesh,Prayagraj,7.334851617825926,5.984375,0.7296219158903339,-0.017795912165156486,32,7.115499195162392,5.873181818181819,0.6638891386097389,0.026903468362839706,11.0,7.175301895046411,5.874,0.6685240108231637,0.26067235732018446,5.0,7.731599999999999,6.47,3.8439862989696865,25.0,7.267463000977517,7.175301895046411,-0.0921611059311056,1,1.0,1.0
Uttar Pradesh,Rae Bareli,5.969695039114207,5.366612903225807,0.7588602585305647,0.0063084998603005005,31,6.371909043538221,5.552,0.7445024536206379,0.11077985361622973,10.0,6.524366865439461,5.33,0.6627268250964877,0.3215513784461157,5.0,6.670476190476191,5.1,4.162785697331147,21.0,6.219451221636979,6.524366865439461,0.3049156438024818,1,0.9090909090909091,1.0
Uttar Pradesh,Rampur,6.236437301587301,6.1034999999999995,2.0607316920577827,0.12163301981840081,30,8.351111111111111,8.202222222222222,2.357002569177877,-0.11473333333319966,9.0,8.148,7.88,2.0165738270641134,-1.2290000000001753,5.0,5.77,5.35,1.0265963179361208,3.0,8.605,8.148,-0.45700000000000074,1,0.8181818181818182,1.0
Uttar Pradesh,Saharanpur,9.045136726682223,7.8159375,1.88175352123273,-0.05467842505429483,32,9.028413537591346,8.465,1.6129141843254602,-0.3514771945967962,11.0,7.711911616161617,8.075,0.997816804427388,0.33605303030308,5.0,7.578749999999999,8.274999999999999,2.121666713425354,8.0,10.39726483320601,7.711911616161617,-2.685353217044394,1,1.0,1.0
Uttar Pradesh,Sambhal,9.728933124346916,9.921724137931035,5.340842053195253,0.47861984391740514,29,15.812024242424243,16.352,3.795124520038801,0.9535495867769123,10.0,18.700866666666666,18.428,3.169744272895772,1.9725333333336632,5.0,23.296,20.59,17.783951473168162,5.0,12.92318181818182,18.700866666666666,5.777684848484846,1,0.9090909090909091,1.0
Uttar Pradesh,Sant Kabir Nagar,4.643941837732161,4.775483870967742,0.6769605317754676,-0.01652644258300044,31,4.567386363636364,4.7924999999999995,0.8826539713685287,-0.0595516528925766,10.0,4.090272727272728,4.308,0.8323176344570019,0.43127272727274235,5.0,4.626363636363636,4.89,0.8549651773876257,11.0,5.0445,4.090272727272728,-0.9542272727272723,1,0.9090909090909091,1.0
Uttar Pradesh,Shahjahanpur,5.897706182706183,5.88,0.6438717272402384,0.008582982767636466,26,6.176416666666666,6.095000000000001,0.44323577404005765,0.00385668276972856,5.0,6.045,6.045,0.2050609665440991,0.28999999999990217,2.0,6.19,6.19,0.0,1.0,6.264027777777778,6.045,-0.21902777777777782,1,0.45454545454545453,0.4
Uttar Pradesh,Shamli,13.894458333333333,13.887916666666667,6.495830899173113,0.5078817019183508,24,17.87662121212121,17.44818181818182,5.115451513736977,0.5832575757574241,11.0,19.697,19.217,6.635024114500264,3.477000000000488,5.0,23.884999999999998,23.884999999999998,0.728319984622141,2.0,17.11156666666667,19.697,2.585433333333331,1,1.0,1.0
Uttar Pradesh,Shrawasti,4.028835440485441,3.7901666666666665,0.49468479383542446,-0.0217075537400626,30,3.7592813852813856,3.504,0.6140484841238908,-0.10460015741834802,10.0,3.2841991341991346,2.94,0.44962084416350867,0.2649783549783809,5.0,3.7681818181818185,3.4,0.9700084348274316,11.0,4.2343636363636366,3.2841991341991346,-0.950164502164502,1,0.9090909090909091,1.0
Uttar Pradesh,Siddharthnagar,4.438828493507336,4.248870967741936,0.6277344951237601,-0.016737463891647982,31,4.172426566080977,4.0135,0.8140410676715624,-0.029697044933682838,10.0,3.825989495798319,3.668,0.9968104520079849,0.5350073529412017,5.0,4.759411764705882,4.74,1.2281259635529824,17.0,4.518863636363636,3.825989495798319,-0.6928741405653169,1,0.9090909090909091,1.0
Uttar Pradesh,Sitapur,5.560959748450147,4.85109375,0.5844432914360397,0.04216980237574187,32,6.220859416618738,5.335909090909091,0.2535027802719665,-0.008512760190409113,11.0,6.124515037593985,5.2780000000000005,0.2911855162779302,0.15177067669174985,5.0,6.33,5.59,3.0651758280958132,36.0,6.354709012300573,6.124515037593985,-0.2301939747065873,1,1.0,1.0
Uttar Pradesh,Sonbhadra,8.468033903136803,7.804677419354839,0.9618948140296293,-0.0011453388213726254,31,8.27471800111653,7.4415000000000004,1.1701924721990378,0.04177444578594521,10.0,8.298489032536093,7.282000000000001,0.979121994932839,0.39047675070024906,5.0,8.451333333333334,7.61,3.890069530532964,15.0,8.735558712121213,8.298489032536093,-0.4370696795851199,1,0.9090909090909091,1.0
Uttar Pradesh,Sultanpur,7.085066226882862,5.831774193548387,0.8193207808854113,0.03112699567231095,31,7.504617261636066,6.5695,0.9449224477065793,-0.10668325647015756,10.0,6.864414529377138,5.88,0.8403320652608144,0.4320900404403845,5.0,7.246666666666667,6.6,3.246895953573711,30.0,8.144819993894995,6.864414529377138,-1.280405464517857,1,0.9090909090909091,1.0
Uttar Pradesh,Unnao,5.948794403295274,5.559516129032258,0.5830253600654277,0.030890647136055008,31,6.392003547748971,5.917,0.6103998709840913,-0.027961385296637976,10.0,6.127565066512434,5.0329999999999995,0.5331045753710534,0.28776556776562184,5.0,6.676923076923076,6.015,3.7611336261619517,26.0,6.6564420289855075,6.127565066512434,-0.5288769624730731,1,0.9090909090909091,1.0
Uttar Pradesh,Varanasi,9.511306054160894,9.208145161290322,1.9993040462866745,0.08121828434822785,31,9.908674891774892,9.6435,1.8829247514890102,-0.35219916043553073,10.0,8.735238095238094,8.212,1.380746495325532,0.7726190476191197,5.0,9.828571428571427,8.86,3.108217219840706,7.0,11.749068181818181,8.735238095238094,-3.0138300865800876,1,0.9090909090909091,1.0
Uttarakhand,Almora,14.793181818181818,12.325,4.86939442498918,-6.886363636361309,2,14.793181818181818,12.325,4.86939442498918,-6.886363636361309,2.0,14.793181818181818,12.325,4.86939442498918,-6.886363636361309,2.0,11.35,11.35,0.0,1.0,,14.793181818181818,,1,0.18181818181818182,0.4
Uttarakhand,Bageshwar,7.553333333333333,5.68,1.5933472802736866,-2.253333333332574,2,7.553333333333333,5.68,1.5933472802736866,-2.253333333332574,2.0,7.553333333333333,5.68,1.5933472802736866,-2.253333333332574,2.0,6.426666666666667,4.16,4.109188889955454,3.0,,7.553333333333333,,1,0.18181818181818182,0.4
Uttarakhand,Chamoli,19.427307692307693,19.4525,9.394185552209894,13.285384615380122,2,19.427307692307693,19.4525,9.394185552209894,13.285384615380122,2.0,19.427307692307693,19.4525,9.394185552209894,13.285384615380122,2.0,26.07,26.005000000000003,19.68600010159504,4.0,,19.427307692307693,,1,0.18181818181818182,0.4
Uttarakhand,Champawat,17.974285714285713,13.54547619047619,3.8990992842161116,-0.050725108225103746,21,18.488257575757576,13.375,3.7428332341538892,-0.3241212121211429,11.0,17.167499999999997,12.296000000000001,4.685416574032902,1.0770833333329752,5.0,14.85,14.23,9.849829947770672,5.0,20.621666666666666,17.167499999999997,-3.4541666666666693,1,1.0,1.0
Uttarakhand,Dehradun,16.40676849037637,12.823671875,5.371855498067198,0.5091424353119139,32,21.79967976502102,14.88,1.1883562214861585,0.15853659821573285,11.0,22.309957645208403,15.51,0.9106281674928738,-0.12090854960127381,5.0,21.09978260869565,14.9,15.82732749099627,46.0,21.064587837837838,22.309957645208403,1.2453698073705652,1,1.0,1.0
Uttarakhand,Haridwar,8.773548157606633,6.997903225806452,2.936522323814711,0.2475125189834467,31,11.01537121257853,7.955909090909091,0.7952225891223369,-0.06803384075456352,11.0,10.792155794161893,7.95,0.8379730822634529,-0.16823085374313537,5.0,9.670540540540541,7.2,8.728322336555335,37.0,11.389866001716001,10.792155794161893,-0.5977102075541083,1,1.0,1.0
Uttarakhand,Nainital,24.733170364561907,21.57734375,11.54665307967753,1.0566207982044504,32,34.50686040786308,29.902727272727272,3.7417034149366266,0.27897774017421517,11.0,35.33939359659948,30.919,3.025814433808499,1.3474736048268803,5.0,40.4625,36.545,20.33459842686396,12.0,34.202365967365964,35.33939359659948,1.1370276292335149,1,1.0,1.0
Uttarakhand,Pauri Garhwal,56.99988888888889,56.406666666666666,13.090300214624364,0.0299226190476814,15,57.967121212121214,57.158181818181816,15.342706013877825,-0.6634393939389887,11.0,58.76966666666667,56.989999999999995,23.837639016666248,-12.821333333335348,5.0,35.98833333333334,29.200000000000003,21.13894761005396,12.0,56.577999999999996,58.76966666666667,2.191666666666677,1,1.0,1.0
Uttarakhand,Pithoragarh,12.766909090909092,13.75,2.8073424861799006,3.9701818181804787,2,12.766909090909092,13.75,2.8073424861799006,3.9701818181804787,2.0,12.766909090909092,13.75,2.8073424861799006,3.9701818181804787,2.0,14.752,20.2,10.63282982088964,5.0,,12.766909090909092,,1,0.18181818181818182,0.4
Uttarakhand,Rudra Prayag,34.74250000000001,32.6925,15.050767837555664,21.28499999999281,2,34.74250000000001,32.6925,15.050767837555664,21.28499999999281,2.0,34.74250000000001,32.6925,15.050767837555664,21.28499999999281,2.0,45.385000000000005,45.385000000000005,15.506851711420989,2.0,,34.74250000000001,,1,0.18181818181818182,0.4
Uttarakhand,Tehri Garhwal,39.09235897435897,37.53333333333333,5.033560271018158,3.676999999999106,3,39.09235897435897,37.53333333333333,5.033560271018158,3.676999999999106,3.0,39.09235897435897,37.53333333333333,5.033560271018158,3.676999999999106,3.0,44.754000000000005,35.6,21.794598642783033,5.0,,39.09235897435897,,1,0.2727272727272727,0.6
Uttarakhand,Udam Singh Nagar,4.86276890228276,4.19453125,1.2375663691550103,0.12046816081182421,32,6.148584468298742,5.030454545454545,0.7571836216045473,0.15289884488394853,11.0,6.602378614520491,5.307,0.6979064746540695,0.23067900977741398,5.0,6.373157894736842,5.535,4.404753639313339,38.0,5.8362463461715235,6.602378614520491,0.7661322683489677,1,1.0,1.0
Uttarakhand,Uttar Kashi,22.06478937728938,18.073846153846155,3.7272668607679647,-0.1959670983777919,13,22.219816017316017,18.427272727272726,3.2714852641660235,-0.4739453463203536,11.0,20.767500000000002,18.493000000000002,3.3059528458146534,-1.0343750000003418,5.0,19.1625,18.14,5.311232705986704,8.0,23.16859523809524,20.767500000000002,-2.4010952380952375,1,1.0,1.0
West Bengal,Alipurduar,4.48933267001771,3.243888888888889,1.1477432778843735,-0.0926267346410751,18,3.8754228092216705,2.988,1.1091639199563599,0.004930878071571178,10.0,4.388768939393939,3.33875,0.33639052794837737,0.04332575757572262,4.0,4.15,3.3049999999999997,4.433853403079539,26.0,3.948401895499619,4.388768939393939,0.44036704389432035,1,0.9090909090909091,0.8
West Bengal,Bankura,5.8611012434791565,5.4511290322580646,0.8295129115227754,-0.04472971037061716,31,5.460240586525061,5.156818181818182,1.0504416951040667,-0.09017311668280367,11.0,5.4833388035626625,5.228,0.591431251049959,-0.0827233738856497,5.0,4.814901960784314,4.54,2.443644715428912,102.0,5.938881208441956,5.4833388035626625,-0.455542404879294,1,1.0,1.0
West Bengal,Birbhum,6.038168989587301,5.6450000000000005,0.9090584953383336,-0.021687366934805552,31,5.792194826585351,5.383636363636364,1.213697677574342,-0.07144837238562117,11.0,5.948533081936836,5.458,0.8576146465564382,-0.06127341319504188,5.0,5.3568235294117645,4.44,3.5527307444129397,85.0,6.251658173913572,5.948533081936836,-0.3031250919767361,1,1.0,1.0
West Bengal,Cooch Behar,3.1061137357584765,3.1305263157894734,0.7352350339262498,-0.04233663736349693,19,2.8033803779776374,2.7445454545454546,0.8381504079033862,0.027604060322465176,11.0,3.1129905303030303,3.045,0.6155139619188686,0.28068750000002657,5.0,3.2334375,3.125,1.0885462616304729,32.0,2.869446301247772,3.1129905303030303,0.2435442290552583,1,1.0,1.0
West Bengal,Dakshin Dinajpur,7.060982511524424,6.06975,1.8191020450929376,0.04279314449713394,20,6.986684652988129,5.528636363636363,2.382639175106866,0.2081903516863145,11.0,7.893772727272728,5.921,2.4154355851034617,1.0755303030306709,5.0,10.695833333333333,8.555,7.795162204077528,12.0,7.044933509301155,7.893772727272728,0.8488392179715722,1,1.0,1.0
West Bengal,Darjeeling,4.649222424311931,4.1860526315789475,0.7447075188812335,-0.04743667640218812,19,4.369797940361635,3.771818181818182,0.8439329475059012,0.020241539904387564,11.0,4.684965156794425,4.16,0.1641826940782945,0.011437282229949204,5.0,4.508780487804878,3.9,2.3583460254190345,41.0,4.544379785685381,4.684965156794425,0.14058537110904368,1,1.0,1.0
West Bengal,Hooghly,3.2340080444726897,2.9939473684210527,0.8946253985564705,-0.07158680315649335,19,2.993644748992773,2.5986363636363636,1.008710667632197,-0.15302736846159726,11.0,2.6471144688644683,2.4859999999999998,0.49915426148457165,0.24604853479855035,5.0,2.844583333333333,2.83,1.3083909107611225,24.0,3.6341039789196308,2.6471144688644683,-0.9869895100551624,1,1.0,1.0
West Bengal,Howrah,3.0931138882479,2.26875,1.3673739835715486,-0.10263307016257668,20,2.4564083682429354,1.6700000000000002,1.011925294439682,0.024795045555846995,11.0,2.607630434782609,1.6509999999999998,1.1927991960186275,0.40593478260882815,5.0,4.3725,1.455,7.492837913634593,16.0,2.6280469227202703,2.607630434782609,-0.020416487937661376,1,1.0,1.0
West Bengal,Jalpaiguri,4.029350012124288,3.754210526315789,0.8225405247015151,-0.05315518197012723,19,3.714206373707593,3.483181818181818,0.9536820329173411,0.008777825142337816,11.0,4.03746380952381,3.8310000000000004,0.46438657729317273,0.19026142857142547,5.0,3.9772000000000003,3.705,1.95990945230245,50.0,3.853790212632896,4.03746380952381,0.18367359689091378,1,1.0,1.0
West Bengal,Jhargram,7.463201713286919,7.067777777777778,1.6420662815483476,-0.18600000088721394,18,6.66637285703635,6.171818181818182,1.3890952104584084,-0.04158021239546151,11.0,6.933880478716685,6.433,1.0077055080296198,0.23828776683084044,5.0,6.7387500000000005,6.115,3.4962945823330753,32.0,7.021306473429952,6.933880478716685,-0.08742599471326695,1,1.0,1.0
West Bengal,Kolkata,0.7348391812865497,0.6321052631578947,0.5585386831064754,0.06119074164717957,19,1.076540404040404,0.8990909090909092,0.49310044183221846,0.009595959595964232,11.0,1.3245555555555555,1.27,0.39344874326937035,-0.1712777777777719,5.0,1.3144444444444445,1.4,0.6070031118353328,9.0,1.0138333333333331,1.3245555555555555,0.31072222222222234,1,1.0,1.0
West Bengal,Malda,6.575181281098781,5.86,1.2227257667521347,-0.050843571264114845,20,6.232606618064722,5.419545454545455,1.4085954573272064,0.1535632848226532,11.0,6.901094969546582,5.933999999999999,1.4077898999836318,0.4697546432063005,5.0,7.522258064516129,7.12,3.6051155410771694,31.0,6.102252493421611,6.901094969546582,0.7988424761249711,1,1.0,1.0
West Bengal,Murshidabad,5.573223796186105,5.300789473684211,0.7707916629869436,-0.01233470374571387,19,5.466678266788263,5.092272727272728,0.9689032927365494,0.03261294546953045,11.0,5.816584795321637,5.4239999999999995,0.9371168627400698,0.0737192982455893,5.0,5.064210526315789,4.67,3.1155779128428405,19.0,5.528996280501429,5.816584795321637,0.2875885148202073,1,1.0,1.0
West Bengal,Nadia,5.3838705743430975,5.077105263157895,0.5579684802796635,-0.006399209108509544,19,5.297965326340326,4.941818181818181,0.6297115372531386,0.0357337454212493,11.0,5.546567765567765,5.068,0.3826790494755177,0.10394871794876007,5.0,5.703076923076923,4.99,1.8537501837059234,13.0,5.373241666666667,5.546567765567765,0.1733260989010983,1,1.0,1.0
West Bengal,North 24 Parganas,2.8110916305916303,2.268421052631579,0.8712074218355442,-0.09951675508552871,19,2.3019472320608685,1.7263636363636365,0.6103567760785813,-0.08306714876030369,11.0,1.9710101010101009,1.3679999999999999,0.4672483693599407,0.07989898989895516,5.0,1.6772727272727272,1.24,1.1809326052666247,11.0,2.7104166666666663,1.9710101010101009,-0.7394065656565654,1,1.0,1.0
West Bengal,Paschim Bardhaman,4.439701003540285,3.6916129032258063,1.2432890915840875,0.013465476128238313,31,4.532587752067504,3.7118181818181815,1.914970951122819,-0.06033111821801004,11.0,5.094264890748202,4.066,2.5944460099543702,-1.1938922349708034,5.0,3.5206779661016947,2.83,3.0431255849111163,59.0,4.422428163800305,5.094264890748202,0.6718367269478973,1,1.0,1.0
West Bengal,Paschim Medinipur,6.1155714571168005,5.287105263157895,1.5338508971955829,-0.10985196484993019,19,5.502622551803145,4.26,1.306167627439768,0.038649194908946756,11.0,5.980768701210892,4.462000000000001,0.8817131126834686,0.43076071055386067,5.0,6.9366666666666665,3.96,6.308428828616067,36.0,5.5873538539324965,5.980768701210892,0.3934148472783958,1,1.0,1.0
West Bengal,Purba Bardhaman,4.109157769044154,3.524516129032258,1.0771176224407817,0.014582458300993488,31,4.154089338765809,3.269545454545454,1.0223359024093188,-0.16008536626771055,11.0,3.8535854341736693,3.228,0.3943227085932868,0.2319383753501922,5.0,4.41047619047619,3.14,4.083030095640339,21.0,4.882077777777778,3.8535854341736693,-1.0284923436041087,1,1.0,1.0
West Bengal,Purba Medinipur,2.7320175438596492,2.055789473684211,1.887073930240581,0.117668461412958,19,3.0098484848484848,1.841818181818182,2.473480841799159,0.42466666666659525,11.0,4.590999999999999,1.8719999999999999,2.933094592557303,0.5518333333333165,5.0,3.0966666666666662,1.61,3.1182099565829966,3.0,1.7306666666666668,4.590999999999999,2.8603333333333323,1,1.0,1.0
West Bengal,Purulia,6.418347271615789,6.296052631578948,1.015721045066891,-0.09372218445137363,19,6.0664355148942555,6.013636363636365,1.0652291394461169,-0.14082532900080214,11.0,5.8708290505300855,5.773000000000001,0.5675099308749574,-0.05135359350528654,5.0,5.557755102040816,5.515000000000001,1.6792189707652256,98.0,6.755729082237276,5.8708290505300855,-0.8849000317071907,1,1.0,1.0
West Bengal,South 24 Parganas,4.656779657477026,2.3386842105263157,1.0924301700493146,0.12394614336733988,19,5.241477633477633,1.8136363636363635,1.0522744080521482,0.12676370851368007,11.0,5.841166666666666,1.8199999999999998,1.3204956689548037,0.06616666666663672,5.0,5.554444444444445,1.75,8.181940648634514,9.0,4.787584126984127,5.841166666666666,1.0535825396825391,1,1.0,1.0
West Bengal,Uttar Dinajpur,3.8868582749766576,3.8395,0.6930816208422018,-0.012472012428312076,20,3.773613636363636,3.755454545454546,0.8742142318781443,0.09489545454545939,11.0,4.3055,4.162,0.18224639914138177,0.049250000000024365,5.0,4.59,4.16,0.9408506789071263,6.0,3.567561111111111,4.3055,0.7379388888888894,1,1.0,1.0
